,tweet_id,label,xlnet,SVC,GBC,MNB,RFC,BERT
0,1261958095502221312,1,1,1,1,1,1,1
1,1270364781489373187,0,0,0,0,0,0,0
2,1263604531872649216,0,0,0,0,0,0,0
3,1265279665943523328,0,0,0,0,0,0,0
4,1261082283911589888,0,0,0,0,0,0,0
5,1266742253663518720,0,0,0,0,0,0,0
6,1271157103139459072,0,0,0,0,0,0,0
7,1267466718743494661,0,0,0,0,0,0,0
8,1264958748075986944,0,0,0,1,0,0,0
9,1269537305209044992,1,1,0,0,0,0,1
10,1262333684172161024,1,1,1,1,0,1,1
11,1264161775739691008,0,0,0,0,0,0,0
12,1272489573910818816,1,1,0,0,0,0,0
13,1264918489992740864,0,0,0,0,0,0,0
14,1261376451053531136,1,1,0,0,0,0,1
15,1269546368785436672,0,0,0,0,0,0,0
16,1260367017338638338,1,1,0,0,0,0,1
17,1259888802170130435,1,0,1,0,0,0,0
18,1267554376002011142,0,0,0,0,0,0,0
19,1259759337930661888,0,0,0,0,0,0,0
20,1264819656986185729,0,0,0,0,0,0,0
21,1265021960733458433,0,0,0,0,0,0,0
22,1259808132957720576,1,1,1,1,0,0,1
23,1267542253515476992,0,0,0,0,0,0,0
24,1268821722133925888,0,0,0,0,0,0,0
25,1263819238386683904,1,1,0,0,0,0,1
26,1265622253326270465,0,0,0,0,0,0,0
27,1263794099217485825,0,0,0,0,0,0,0
28,1265704926203838464,0,0,0,0,0,0,0
29,1259739926117199874,0,0,0,0,0,0,0
30,1264589094971154433,0,0,0,0,0,0,0
31,1270327687085768705,0,0,0,0,0,0,0
32,1262067554840870919,0,0,0,0,0,0,0
33,1268455687371272192,0,0,0,0,0,0,0
34,1264456238483550210,0,0,0,0,0,0,0
35,1268706951460016128,0,0,0,0,0,0,0
36,1263479579202781186,0,0,0,0,0,0,0
37,1271603919165304832,0,0,0,0,0,0,0
38,1271123534706806784,0,1,0,0,0,1,1
39,1269924931799744513,0,0,0,0,0,0,0
40,1261219029932335105,0,0,0,0,0,0,0
41,1272492590559084551,1,1,1,0,1,0,1
42,1263969705682972673,0,0,0,0,0,0,0
43,1261023642810486791,0,0,0,0,0,0,0
44,1269884345881440256,1,1,0,1,0,0,1
45,1270174726384689152,0,0,0,0,0,0,0
46,1267572797305491458,0,0,0,0,0,0,0
47,1270263545293426688,0,0,0,0,0,0,0
48,1265227669261729793,1,1,0,0,0,0,1
49,1266845471789797376,0,0,0,0,0,0,0
50,1271004066391433216,1,1,1,1,0,1,1
51,1268243423678652418,1,1,0,0,0,0,0
52,1269896645019303937,0,0,0,0,0,0,0
53,1264881013941035010,0,0,0,0,0,0,0
54,1263372050191855616,0,0,0,0,0,0,0
55,1264848252136030217,0,0,0,0,0,0,0
56,1264872227289411584,0,0,0,0,0,0,0
57,1262146520683601922,0,0,0,0,0,0,0
58,1264444242958614529,1,1,0,0,0,0,1
59,1269265103666413569,0,0,0,0,0,0,0
60,1265206236116594689,0,0,0,0,0,0,0
61,1261822879680864256,0,0,0,0,0,0,0
62,1268216787776212994,0,0,0,0,0,0,0
63,1268606085641928705,0,0,0,0,0,0,0
64,1260108417521389569,0,0,0,0,0,0,0
65,1267492618809860097,0,0,0,0,0,0,0
66,1261605523587313665,0,0,0,0,0,0,0
67,1260662286903115776,0,0,0,0,0,0,0
68,1269144595578982402,0,0,0,0,0,0,0
69,1264934801674551296,0,0,0,0,0,0,0
70,1260636618249076739,0,0,0,0,0,0,0
71,1267329934495830016,0,0,0,0,0,0,0
72,1272107570673725440,0,0,0,0,0,0,0
73,1270967489669869569,0,0,0,0,0,0,0
74,1269410922197549057,0,0,0,0,0,0,0
75,1268106751150358532,0,0,0,0,0,0,0
76,1267387387799371777,0,0,0,0,0,0,0
77,1265668876760743937,0,0,0,0,0,0,0
78,1260789294521876482,1,0,0,0,0,0,0
79,1259763384603619329,1,1,1,1,1,1,1
80,1267945671165870080,0,0,0,0,0,0,0
81,1271696910227845122,0,0,0,0,0,0,0
82,1260125052596555776,0,0,0,0,0,0,0
83,1269974557286371329,0,1,0,0,0,0,1
84,1268625504090894342,1,0,0,0,0,0,0
85,1267554740952498177,0,0,0,0,0,0,0
86,1264273369169645570,0,0,0,0,0,0,0
87,1259899300492070913,0,0,0,0,0,0,0
88,1267952632699793413,0,0,0,0,0,0,0
89,1261436084891811841,0,0,0,0,0,0,0
90,1268124557619138560,0,0,0,0,0,0,0
91,1267419294180290560,1,1,0,1,0,1,1
92,1266664959209099267,1,1,1,1,0,1,1
93,1262328949276921856,0,0,0,0,0,0,0
94,1266769105081839616,0,0,0,0,0,0,0
95,1271386125073072130,0,0,0,0,0,0,0
96,1260098912054063109,0,0,0,0,0,0,0
97,1262703252505755648,0,0,0,0,0,0,0
98,1272105657081217024,0,0,0,0,0,0,0
99,1261460253847293958,0,0,0,0,0,0,0
100,1266280168135385091,0,0,0,0,0,0,0
101,1271900903440818181,0,0,0,0,0,0,0
102,1271718192222740481,0,0,0,0,0,0,0
103,1265974536266285056,0,0,0,0,0,0,0
104,1268839411736883200,0,0,0,0,0,0,0
105,1260072395756441600,1,1,1,1,0,1,1
106,1260495146463920128,0,0,0,0,0,0,0
107,1261729430591995904,0,0,0,0,0,0,0
108,1263171860965011459,0,0,0,0,0,0,0
109,1266672528392667136,1,1,1,1,1,1,1
110,1270535427557076996,0,0,0,0,0,0,0
111,1264949683048386560,0,0,0,0,0,0,0
112,1262128284030119938,1,1,1,1,0,1,1
113,1268724218839080960,0,0,0,0,0,0,0
114,1269324870359400452,0,0,0,0,0,0,0
115,1268479950719537154,0,1,0,0,0,0,0
116,1260855840833224704,1,0,0,0,0,0,1
117,1262329274679377920,0,0,0,0,0,0,0
118,1269641940615802881,0,0,0,0,0,0,0
119,1260117999941562369,0,0,0,0,0,0,0
120,1269811825266307072,1,1,0,0,0,0,1
121,1261947154102435841,0,0,0,0,0,0,0
122,1262507545329127424,0,1,0,0,0,0,0
123,1260162992458653702,0,0,0,0,0,0,0
124,1263782509998997505,0,0,0,0,0,0,0
125,1272668645135659009,1,1,0,0,0,0,1
126,1271090917651472386,0,0,0,0,0,0,0
127,1270726771046899714,0,0,0,0,0,0,0
128,1267915731422916613,0,0,0,0,0,0,0
129,1262299723463041024,0,0,0,0,0,0,0
130,1266420622143508481,1,0,0,0,0,0,1
131,1261331593341415425,0,0,0,0,0,0,0
132,1267519400397213697,0,0,0,0,0,0,0
133,1260807250765066240,0,0,0,0,0,0,0
134,1270375426414776320,0,0,0,0,0,0,0
135,1261767268016558082,0,0,0,0,0,0,0
136,1270595332456484864,0,0,0,0,0,0,0
137,1261576310977167361,0,0,0,0,0,0,0
138,1260897591216275456,0,0,0,0,0,0,0
139,1263578304524804097,0,0,0,0,0,0,0
140,1261240837758955523,0,0,0,0,0,0,0
141,1262631726075052032,1,1,1,0,0,0,1
142,1262146550479884289,0,0,0,0,0,0,0
143,1259976635891306516,1,1,0,0,0,0,1
144,1268445432239308800,1,1,0,0,0,0,1
145,1261190110688808961,1,1,0,0,0,0,1
146,1268809439315968001,1,1,1,0,1,1,1
147,1261734216544518144,0,0,0,0,0,0,0
148,1265384222207991809,0,0,0,0,0,0,0
149,1262400218227789825,0,0,0,0,1,0,0
150,1260499556237787136,0,0,0,0,0,0,0
151,1265174856322240512,0,0,0,0,0,0,0
152,1266875661739864079,0,0,0,0,0,0,0
153,1268854514536386561,0,0,0,0,0,0,0
154,1264541099156267010,0,0,0,0,0,0,0
155,1267538525295128577,1,1,0,0,0,1,1
156,1271772215659372544,0,0,0,0,0,0,0
157,1263519732604506113,1,1,1,1,1,1,1
158,1264536305964388353,1,0,0,0,0,0,0
159,1266684914918993920,1,1,1,1,0,1,1
160,1270014544165945344,0,0,0,0,0,0,0
161,1260486377965326336,0,0,0,0,0,0,0
162,1264352810533093377,1,1,0,1,0,0,1
163,1267772547384446977,0,0,0,0,0,0,0
164,1260650740730626052,0,0,0,0,0,0,1
165,1268864328343654401,0,0,0,0,0,0,0
166,1260669270733795333,1,1,0,0,0,0,1
167,1267216986280468481,0,0,0,0,0,0,0
168,1260356773212499968,0,0,0,0,0,0,0
169,1262058000426110979,0,0,0,0,0,0,0
170,1267529339987546113,0,0,0,0,0,0,0
171,1267860229162762241,0,0,0,0,0,0,0
172,1271745987971817473,0,0,0,0,0,0,0
173,1263161378627600385,0,0,0,0,0,0,0
174,1268238131469451264,0,0,0,0,0,0,0
175,1260862996311674880,0,0,0,0,0,0,0
176,1263369350066700289,0,0,0,0,0,0,0
177,1269937226848354304,0,0,0,0,0,0,0
178,1267934039136260096,1,1,0,0,0,0,1
179,1260822756314226688,1,1,0,1,0,0,1
180,1264203638878191618,0,0,0,0,0,0,0
181,1271037297195171840,1,1,0,1,0,0,1
182,1268190240616919046,0,0,0,0,0,0,0
183,1261666155548246016,0,0,0,0,0,0,0
184,1270603499190005761,0,0,0,0,0,0,1
185,1260839312238751744,0,0,0,0,0,0,0
186,1264122676232290304,0,0,0,0,0,0,0
187,1267486298673221636,0,0,0,0,0,0,0
188,1262000345649164288,0,0,0,0,0,0,0
189,1262647238494470145,0,0,0,0,0,0,0
190,1271488967519731720,1,1,0,0,0,0,1
191,1271013114088173568,1,1,1,1,1,1,1
192,1262405183381868546,0,0,0,0,0,0,0
193,1270626757327151105,0,0,0,0,0,0,0
194,1264261109676212224,1,1,0,0,0,0,1
195,1263892807091175425,0,0,0,0,0,0,0
196,1261923657288466433,0,0,0,0,0,0,0
197,1268484164770312192,0,0,0,0,0,0,0
198,1272245379032104960,0,0,0,0,0,0,0
199,1265747117596950531,0,0,0,0,0,0,0
200,1270735886184067073,1,1,0,0,0,0,1
201,1260550198587281410,0,0,0,0,0,0,0
202,1260903685296721923,0,0,0,0,0,0,0
203,1264080028373049344,0,0,0,0,0,0,0
204,1264482657238487042,0,0,0,0,0,0,0
205,1265559201671233537,0,0,0,0,0,0,0
206,1268436859069308928,0,0,0,0,0,0,0
207,1261554343377059845,0,0,0,0,0,0,0
208,1264513325389529088,0,0,0,0,0,0,0
209,1262369834299424768,0,1,0,0,0,0,1
210,1264087603940331523,0,0,0,0,0,0,0
211,1270806521023279104,0,0,0,0,0,0,0
212,1264335087438528512,0,0,0,0,0,0,0
213,1262361730262458368,0,0,0,0,0,0,0
214,1270058034815959041,0,0,0,0,0,0,0
215,1267377779840081920,1,1,1,1,1,1,1
216,1261993819635154948,0,0,0,0,0,0,0
217,1265970753792598016,0,0,0,0,0,0,0
218,1271109882842939394,0,0,0,0,0,0,0
219,1262060357255933953,0,0,0,0,0,0,0
220,1263230762075279362,0,0,0,0,0,0,0
221,1270300099235676162,0,0,0,0,0,0,0
222,1263369174748930050,1,1,1,1,0,0,1
223,1270275262161260547,0,0,0,0,1,0,0
224,1271361990670204929,0,0,0,0,0,0,0
225,1265290965889290242,0,0,0,0,0,0,0
226,1265203862731972608,1,1,1,1,1,1,1
227,1262608381891751936,1,1,0,1,0,1,1
228,1262693408516251648,0,0,0,0,0,0,0
229,1266011815630290944,0,0,0,0,0,0,0
230,1267571736679272450,0,0,0,0,0,0,0
231,1265678108474179587,0,0,0,0,0,0,0
232,1260118777678749696,0,0,0,0,0,0,0
233,1268952312422285313,0,0,0,0,0,0,0
234,1263563184939696130,0,0,0,0,0,0,0
235,1260194005175984128,0,0,0,0,0,0,0
236,1270437490860724224,0,0,0,0,0,0,0
237,1260840720816123904,0,0,0,0,0,0,0
238,1270315216744710148,0,0,0,0,0,0,0
239,1272124950435041280,0,0,0,0,0,0,0
240,1261980024762236928,0,0,0,0,0,0,0
241,1268745727062298626,0,0,0,0,0,0,0
242,1263905666676244483,0,0,0,0,0,0,0
243,1270976303446069248,1,1,0,1,0,1,1
244,1260687591688503297,0,0,0,0,0,0,0
245,1261595697289322497,0,0,0,0,0,0,0
246,1268067436823228416,0,0,0,0,0,0,0
247,1266622258149306373,0,0,0,0,0,0,0
248,1272769512631345152,0,0,0,0,0,0,0
249,1270972665705181184,0,0,0,0,0,0,0
250,1267765802930970625,1,1,0,0,0,0,1
251,1260888007445565440,0,0,0,0,0,0,0
252,1271396174956814341,0,0,0,0,0,0,0
253,1269136131184111617,1,0,0,0,0,0,0
254,1272544456223457285,0,0,0,0,0,0,0
255,1262125817758453767,0,0,0,0,0,0,0
256,1270437541225824256,0,0,0,0,0,0,0
257,1267032978988941312,0,0,0,0,0,0,0
258,1260352189563842561,0,0,0,0,0,0,0
259,1265292220262944768,1,1,1,1,1,1,1
260,1266654022561263618,0,0,0,0,0,0,0
261,1265370606654099458,0,0,0,0,0,0,0
262,1265411774838382594,0,0,0,0,0,0,0
263,1270630576412917761,0,0,0,0,0,0,1
264,1261714188709310464,0,0,0,0,0,0,0
265,1264325374227501058,1,0,0,0,0,0,0
266,1261806644188508160,0,0,0,0,0,0,0
267,1265550560687685635,1,0,0,0,0,0,0
268,1271485324154343426,0,0,0,0,0,0,0
269,1261694799217909760,0,0,0,0,0,0,0
270,1264213687847485440,0,0,0,0,0,0,0
271,1270127233500405767,1,0,0,0,0,0,0
272,1264144884400881664,1,1,1,1,0,1,1
273,1263896291723141136,0,0,0,0,0,0,0
274,1270319063848411141,0,0,0,0,0,0,0
275,1262556606400737282,0,0,0,0,0,0,0
276,1267152909608812545,0,0,0,0,0,0,0
277,1271876908368695301,0,0,0,0,0,0,0
278,1261860435789299715,1,1,0,1,0,0,1
279,1271931840950087680,1,0,0,0,0,0,1
280,1266655061918318593,0,0,0,0,0,0,0
281,1266313578707136513,0,0,0,0,0,0,0
282,1269724928212787201,0,0,0,0,0,0,0
283,1267414725664608256,0,0,0,0,0,0,0
284,1266706707272605697,0,0,0,0,0,0,0
285,1264355610910502918,0,0,0,0,0,0,0
286,1268463587409956864,0,0,0,0,0,0,0
287,1262678811570814978,0,0,0,0,0,0,1
288,1269034357370630146,0,0,0,0,0,0,0
289,1262303572072501250,1,1,1,0,0,0,1
290,1260725490698072067,0,0,0,0,0,0,0
291,1267009164330651651,0,0,0,0,0,0,0
292,1262342830967738369,0,0,0,0,0,0,0
293,1263437712817872896,0,0,0,0,0,0,0
294,1269554073906405377,1,1,1,0,1,0,1
295,1268638909334016011,0,0,0,0,0,0,0
296,1268208238056607744,1,1,0,0,0,0,1
297,1268210183995613186,0,0,0,0,0,0,0
298,1265962687516815360,0,0,0,0,0,0,0
299,1261725665474338820,0,0,0,0,0,0,0
300,1260622248303644673,0,0,0,0,0,0,0
301,1260674877801009156,0,0,0,0,0,0,0
302,1266165235104301057,0,0,0,0,0,0,1
303,1264854267409641472,0,0,0,0,0,0,0
304,1268855660231491589,1,0,0,0,0,0,0
305,1267872916009615364,0,0,0,0,0,0,0
306,1262387236164771841,0,0,0,0,0,0,0
307,1271107166787772416,0,0,0,0,0,0,0
308,1264625370910937089,0,0,0,0,0,0,0
309,1267423810615160832,0,0,0,0,0,0,0
310,1266132809074323458,1,1,1,1,0,0,1
311,1263117393162907648,0,0,0,0,0,0,0
312,1268613052511006724,0,0,0,0,0,0,0
313,1262419734387134464,0,0,0,0,0,0,0
314,1265300008141799424,0,0,0,0,0,0,0
315,1263225446814158849,0,0,0,0,0,0,0
316,1267338256246624256,1,1,1,1,0,1,1
317,1261405827325472769,0,0,0,0,0,0,0
318,1265221579560140800,0,0,0,0,0,0,0
319,1265304185626599426,0,0,0,0,0,0,0
320,1265166168341581825,0,0,0,0,0,0,0
321,1264229077206077441,0,0,0,0,0,0,0
322,1271106854383476737,1,1,0,0,0,0,1
323,1263420680017776642,0,0,0,0,0,0,0
324,1261169203429728256,0,0,0,0,0,0,0
325,1262657508918820864,0,0,0,0,0,0,0
326,1268765775432564736,0,0,0,0,0,0,0
327,1261968477906141184,1,0,0,0,0,0,0
328,1267417930620383233,0,0,0,0,0,0,0
329,1266782241780359170,0,0,0,0,0,0,0
330,1269219808475742208,0,0,0,0,0,0,0
331,1264493243695280129,0,0,0,0,0,0,0
332,1264816885398409216,0,1,0,0,0,0,1
333,1266728123846012928,0,0,0,0,0,0,0
334,1266773798667161600,0,0,0,0,0,0,0
335,1265656900659658753,0,0,0,0,0,0,0
336,1260003323685601281,1,1,0,0,0,0,1
337,1265735964288331776,0,0,0,0,0,0,0
338,1270402085247430656,1,0,0,0,0,0,0
339,1268819864413786112,1,1,1,0,1,0,1
340,1271364619634958337,1,1,1,1,0,1,1
341,1271374394221346817,1,1,0,0,0,0,1
342,1266695131153006593,0,0,0,0,0,0,0
343,1269234448245100546,0,0,0,0,0,0,0
344,1263849438751195136,0,0,0,0,0,0,0
345,1267076106848309249,0,0,0,0,0,0,0
346,1260496084301946880,0,0,0,0,0,0,0
347,1262112240318193666,0,0,0,0,0,0,0
348,1266061270886776837,0,0,0,0,0,0,0
349,1268809942011719681,0,0,0,0,0,0,0
350,1263436399899967491,1,1,1,1,1,1,1
351,1260512851770462208,0,0,0,0,0,0,0
352,1261985162562240512,0,0,0,0,0,0,0
353,1262304223712227328,1,1,0,0,0,0,1
354,1261243252801445891,0,0,0,0,0,0,0
355,1271057201952669698,0,0,0,0,0,0,0
356,1268491437005406216,0,0,0,0,0,0,0
357,1262280050281533440,0,0,0,0,0,0,0
358,1271487407850913792,0,0,0,0,0,0,0
359,1264070028267106304,0,0,0,0,0,0,0
360,1271814454590799872,1,1,0,1,0,1,1
361,1266330871700680704,0,0,0,0,0,0,0
362,1266771940947222528,0,0,0,0,0,0,0
363,1259771257366745088,0,0,0,0,0,0,0
364,1263357643604754438,0,0,0,0,0,0,0
365,1261068057373487105,0,1,0,0,0,0,0
366,1269930112335720450,0,0,0,0,0,0,0
367,1264464730313408512,0,0,1,0,0,0,0
368,1269352792931610624,1,1,0,1,0,1,1
369,1269956369492344832,0,0,0,0,0,0,0
370,1263939682662002689,0,0,0,0,0,0,0
371,1271761301996519424,0,0,0,0,0,0,0
372,1268962613179879424,0,0,0,0,0,0,0
373,1268110416191905792,0,0,0,0,0,0,0
374,1262471286313410565,0,0,0,0,0,0,0
375,1262075008005951490,0,0,0,0,0,0,0
376,1263435359330975745,0,0,0,0,0,0,0
377,1264890174376419328,0,0,0,0,0,0,0
378,1268289356785123328,0,0,0,0,0,0,0
379,1268501835570085892,1,1,1,1,1,1,1
380,1265627773277802498,0,0,0,0,0,0,0
381,1270027761726390274,1,1,1,1,0,1,1
382,1270984187781287937,0,0,0,0,0,0,0
383,1266703876880830465,0,0,0,0,0,0,0
384,1264143306734407681,0,0,0,0,0,0,0
385,1263873975458967552,1,1,0,1,0,1,1
386,1260615549064826880,0,0,0,0,0,0,0
387,1270750180309172225,0,0,0,0,0,0,0
388,1267152455927828485,1,1,0,0,0,0,1
389,1269910599703592960,0,0,0,0,0,0,0
390,1270671431920214016,0,0,0,0,0,0,0
391,1266242167220998149,1,1,0,1,0,1,1
392,1263413070581424129,0,0,0,0,0,0,0
393,1270606661204553729,0,0,0,0,0,0,0
394,1260703856499003393,0,0,0,0,0,0,0
395,1260163072225918977,1,0,0,0,0,0,0
396,1266056363492487168,0,0,0,0,0,0,0
397,1267054074819731456,0,0,0,0,0,0,0
398,1261015959206232072,1,1,0,0,0,0,1
399,1270251930263134208,0,0,0,0,0,0,0
400,1266250044174290944,0,1,0,0,0,0,1
401,1265273198691696640,0,0,0,0,0,0,0
402,1261910193077727234,0,0,0,0,0,0,0
403,1268580588266668032,1,0,0,0,0,0,0
404,1269887043292848128,0,0,0,0,0,0,0
405,1265565306807824384,1,1,0,0,0,0,0
406,1269527659182243841,1,1,1,1,0,1,1
407,1265706059559206914,0,0,0,0,0,0,0
408,1268067211547156481,0,0,0,0,0,0,0
409,1262721790935273473,1,1,0,0,0,1,1
410,1266256842176385024,1,0,0,0,0,0,0
411,1260581860859613193,1,1,0,0,1,0,1
412,1267822202637783049,1,1,1,1,0,1,1
413,1262656285222240258,0,0,0,0,0,0,0
414,1269985511764099074,1,1,1,1,0,0,1
415,1270760060696825856,0,0,0,0,0,0,0
416,1260484100969947136,0,0,0,0,0,0,0
417,1267126712065802240,0,0,0,0,0,0,0
418,1267559845550587904,0,0,0,0,0,0,0
419,1267454928534097921,0,1,0,1,0,0,1
420,1259934117417885701,0,0,0,0,0,0,0
421,1263621490697740289,0,0,0,0,0,0,0
422,1262340771354681344,1,1,0,0,0,0,1
423,1262471029622013953,0,0,0,0,0,0,0
424,1259963330707554306,0,0,0,0,0,0,0
425,1271090651850047490,0,0,0,0,0,0,0
426,1269169853270761472,0,0,0,0,0,0,0
427,1266195217000140800,1,1,1,1,0,1,1
428,1261951965338251266,0,0,0,0,0,0,0
429,1263316493875494912,0,0,0,0,0,0,0
430,1264668387617189895,0,0,0,0,0,0,0
431,1261626499318325250,0,0,0,0,0,0,0
432,1271515972676079616,0,0,0,0,0,0,0
433,1270084833272836097,0,0,0,0,0,0,0
434,1266156804754608131,0,0,0,0,0,0,0
435,1261986126862135297,0,0,0,0,0,0,0
436,1271787151374651392,0,0,0,0,0,0,0
437,1268623638405791744,1,1,1,0,0,0,1
438,1267484204444651521,1,1,1,1,0,1,1
439,1260611589708951553,0,0,0,0,0,0,0
440,1267419956318285824,0,0,0,0,0,0,0
441,1269254335860486144,0,0,0,0,0,0,0
442,1262475476641120257,0,0,0,0,0,0,0
443,1268948822253854724,1,0,0,0,0,0,1
444,1267044055202107392,0,0,0,0,0,0,0
445,1262422561092177922,0,0,0,0,0,0,0
446,1266345907840303105,0,0,0,0,0,0,0
447,1276277596905488386,0,0,0,0,0,0,0
448,1280019106910162946,0,0,0,0,0,0,0
449,1282906593781309440,1,1,1,0,0,1,1
450,1279870789349789697,0,0,0,0,0,0,0
451,1277525325719547909,0,0,0,0,0,0,0
452,1282659548566900737,0,0,0,0,0,0,0
453,1277706735642447873,0,0,0,0,0,0,0
454,1273335456529252356,0,0,0,0,0,0,0
455,1278962152460648448,0,0,0,0,0,0,0
456,1293524797989826560,0,0,0,0,0,0,0
457,1280094140005572611,0,0,0,0,0,0,0
458,1274677343680946176,1,1,1,1,0,0,1
459,1291895028332331009,0,0,0,0,0,0,0
460,1284787791185027073,1,1,0,0,0,0,1
461,1293561267601510402,0,0,0,0,0,0,0
462,1284500627209564161,0,0,0,0,0,0,0
463,1291732806943506435,0,0,0,0,0,0,0
464,1285649203373518850,1,1,0,0,0,0,1
465,1285165482690125830,1,0,0,0,0,0,0
466,1281913593647312897,0,0,0,0,0,0,0
467,1277494193653415936,0,0,0,0,0,0,0
468,1275751262026371073,0,0,0,0,0,0,0
469,1282275137656696834,0,0,0,0,0,0,0
470,1279974120902590466,0,0,0,0,1,0,0
471,1274618736994136064,1,1,1,1,0,0,1
472,1287363612802273282,0,0,0,0,0,0,0
473,1281708982311309317,1,1,1,1,0,1,1
474,1280144078932492288,0,0,0,0,0,0,0
475,1273747274502483969,0,0,0,0,0,0,0
476,1278709983304179712,0,0,0,0,0,0,0
477,1282741871144566784,0,0,0,0,0,0,0
478,1273678474474074112,0,0,0,0,0,0,1
479,1275187878847557638,0,0,0,0,0,0,0
480,1281313152228089856,0,0,0,0,0,0,0
481,1282267301543383040,0,0,0,0,0,0,0
482,1288162831670673411,0,0,0,0,0,0,0
483,1276892994386497537,0,1,0,0,0,0,1
484,1273377153325858821,0,0,0,0,0,0,0
485,1275772468838445056,0,0,0,0,0,0,0
486,1280831391165530114,0,1,0,0,0,0,1
487,1283354800902602753,0,0,0,0,0,0,0
488,1276434801206190085,1,1,0,0,0,0,1
489,1288074542452281345,0,0,0,0,0,0,0
490,1292023343105937408,1,1,0,0,0,0,1
491,1282392463743823879,0,0,0,0,0,0,1
492,1292223330121129992,0,0,0,0,0,0,0
493,1273697132260835337,0,0,0,0,0,0,0
494,1273216779079344135,0,0,0,0,0,0,0
495,1278072282326409218,0,1,0,0,0,0,0
496,1292461922521157632,0,0,0,0,0,0,0
497,1280309476680237059,0,0,0,0,0,0,0
498,1285327042502963204,1,1,1,1,0,1,1
499,1281163613420560391,0,0,0,0,0,0,0
500,1292416065994203136,0,0,0,0,0,0,0
501,1278448441996259329,1,1,0,0,0,0,1
502,1284964469857226754,0,0,0,0,0,0,0
503,1286383469967355907,0,0,0,0,0,0,0
504,1286367745056047104,0,0,0,0,0,0,0
505,1289176881963524096,0,0,0,0,0,0,0
506,1276685853226602496,0,0,0,0,0,0,0
507,1280841511131848704,1,1,1,1,1,1,1
508,1287178044365508608,1,1,0,0,0,0,1
509,1273122603146846211,0,0,0,0,0,0,0
510,1286799816551530496,1,0,0,0,0,0,0
511,1289517362425651200,0,0,0,0,0,0,0
512,1288380747649351680,0,0,0,0,0,0,0
513,1289258452611555328,0,0,0,0,0,0,0
514,1275887522401398786,0,0,0,0,0,0,0
515,1285238991739027456,0,0,0,0,0,0,0
516,1274641947311865856,1,1,0,0,0,0,1
517,1279057913353400320,0,0,0,0,0,0,0
518,1284394351985074181,0,0,0,0,0,0,0
519,1280369518343335937,0,0,0,0,0,0,0
520,1281201332813205504,0,0,0,0,0,0,0
521,1281359704745181184,0,0,0,0,0,0,0
522,1287385897407778822,0,0,0,0,0,0,0
523,1274293709442605056,0,0,0,0,0,0,0
524,1274103224417607686,0,0,0,0,0,0,0
525,1292835689973919748,0,0,0,0,0,0,0
526,1289681694635614209,0,0,0,0,0,0,0
527,1279044458475118592,0,0,0,0,0,0,0
528,1274080984863047682,0,0,0,0,0,0,0
529,1278311166725496833,0,0,0,0,0,0,0
530,1285460241149304832,0,0,0,0,0,0,0
531,1272847082311897090,0,0,1,0,0,0,1
532,1274076615543271424,0,0,0,0,0,0,0
533,1292201292329365506,0,0,0,0,0,0,0
534,1288215731113426946,0,0,0,0,0,0,0
535,1283498775076642817,0,0,0,0,0,0,0
536,1288588990266904577,0,0,0,0,0,0,0
537,1272858417284202496,0,0,0,0,0,0,0
538,1289583291545399298,1,0,0,0,0,0,0
539,1288225675921498113,1,1,0,0,0,0,1
540,1284860379898814465,0,0,0,0,0,0,0
541,1279375555117318144,0,0,0,0,0,0,0
542,1292843499746926592,0,0,0,0,0,0,0
543,1275724199018082304,0,0,0,0,0,0,0
544,1275512316717600769,0,0,0,0,0,0,0
545,1291308841267863552,0,0,0,0,0,0,0
546,1287297444246626306,0,0,0,0,0,0,0
547,1273558964836450305,0,0,0,0,0,0,0
548,1288843643143454720,0,0,0,0,0,0,0
549,1273897350109552641,0,0,0,0,0,0,0
550,1287995652207595521,0,0,0,0,0,0,0
551,1276159153636020224,1,1,1,1,1,1,1
552,1273209853431996417,0,0,0,0,0,0,0
553,1288829480069365762,0,0,0,0,0,0,0
554,1282570142799532032,0,0,0,0,0,0,0
555,1278455161367793665,1,1,1,1,1,1,1
556,1272883234888704000,0,0,0,0,0,0,0
557,1273492728651952129,1,1,0,1,0,0,1
558,1277019109558009857,1,0,0,0,0,0,0
559,1281913333382352902,0,0,0,0,0,0,0
560,1293240697420685312,0,0,0,0,0,0,0
561,1272852364228206592,0,0,0,0,0,0,0
562,1288360166832955397,0,0,0,0,0,0,0
563,1280057083816284162,1,1,1,1,1,1,1
564,1281246894757490688,0,0,0,0,0,0,0
565,1284814303149936640,0,0,0,0,0,0,0
566,1280231572176805890,1,1,1,1,1,1,1
567,1287352937833013249,0,0,0,0,0,0,0
568,1284434635490045953,1,1,0,0,0,0,1
569,1289747374282174465,0,0,0,0,0,0,0
570,1274123666092105728,0,0,0,0,0,0,0
571,1272857045247709185,0,1,0,0,0,0,0
572,1280120355420540928,0,0,0,0,0,0,0
573,1284263110598103040,0,0,0,0,0,0,0
574,1293647654359117827,0,0,0,0,0,0,0
575,1289610731701166081,1,1,0,0,0,0,1
576,1284811212002332673,0,0,0,0,0,0,0
577,1280053402232328192,0,0,0,0,0,0,0
578,1286376018278850566,1,1,0,1,0,0,1
579,1276057841359618052,0,0,0,0,0,0,0
580,1275152881176494080,0,0,0,0,0,0,0
581,1282574134732632065,1,1,0,0,0,0,1
582,1293509376226013185,0,0,0,0,0,0,0
583,1273276211830153219,0,0,0,0,0,0,0
584,1292166640378023939,1,1,0,0,0,0,1
585,1292855013111476224,0,0,0,0,0,0,0
586,1284910338530574337,1,1,0,1,0,0,1
587,1275405299432767490,0,0,0,0,0,0,0
588,1282690381088534532,1,1,0,0,0,0,1
589,1291415935052587010,0,0,0,0,0,0,0
590,1286581192679198720,0,0,0,0,0,0,0
591,1289542129065365504,0,0,0,0,0,0,0
592,1292033279831539717,0,0,0,0,0,0,0
593,1273692651204861953,0,0,0,0,0,0,0
594,1281647295784607744,0,0,0,0,0,0,0
595,1280602612065337344,0,0,0,0,0,0,0
596,1289538422185422853,0,0,0,0,0,0,0
597,1273308931570401280,0,0,0,0,0,0,0
598,1291184622357884929,0,0,0,0,0,0,0
599,1280117538358255617,0,0,0,0,0,0,1
600,1286403247301955584,0,0,0,0,0,0,0
601,1291615506047414272,0,0,0,0,0,0,0
602,1274618667318337537,0,1,0,0,0,0,0
603,1291061323971821570,0,0,0,0,0,0,0
604,1287308213830987776,0,0,0,0,0,0,0
605,1286721530626551810,0,0,0,0,0,0,0
606,1289169271998816257,0,0,0,0,0,0,0
607,1274732515228614656,0,0,0,0,0,0,0
608,1276460909905485825,0,0,0,0,0,0,0
609,1277235390861082624,0,0,0,0,0,0,0
610,1278082753347665921,1,1,1,1,1,1,1
611,1280030577345941509,0,0,0,0,0,0,0
612,1280063141242642432,0,1,0,0,0,0,0
613,1291654575380934656,0,0,0,0,0,0,0
614,1283375865003474944,0,0,0,0,0,0,0
615,1288612193869717504,0,0,0,0,0,0,0
616,1288374620496830464,0,0,0,0,0,0,0
617,1278066257703600129,0,0,0,0,0,0,0
618,1289868061005078528,0,0,0,0,0,0,0
619,1288267132577501185,0,0,0,0,0,0,0
620,1275103908797517824,0,0,0,0,0,0,0
621,1276104799755403264,0,0,0,0,0,0,0
622,1274089500512223236,1,1,0,0,0,0,1
623,1281189030185459712,0,1,0,0,0,0,1
624,1280078483687968778,0,0,0,0,0,0,0
625,1287370672101040133,0,0,0,0,0,0,0
626,1277747062688362504,0,0,0,0,0,0,0
627,1280867319472893960,1,0,0,0,0,0,0
628,1274666590131404802,0,0,0,0,0,0,0
629,1287491857098977280,0,0,0,0,0,0,0
630,1284951270462230528,0,0,0,0,0,0,0
631,1277870932951019520,0,0,0,0,0,0,0
632,1291745879129554950,1,0,0,0,0,0,0
633,1273326345662144512,0,0,0,0,0,0,0
634,1284805376630755328,0,0,0,0,0,0,0
635,1288106150664138753,0,0,0,0,0,0,0
636,1282042063496851456,0,0,0,0,0,0,0
637,1282590251236552707,0,0,0,0,0,0,0
638,1291769221467254787,0,0,0,0,0,0,0
639,1278976526084702208,0,0,0,0,0,0,0
640,1291119570204471298,0,0,0,0,0,0,0
641,1291108022899613696,0,0,0,0,0,0,0
642,1293121793247662081,0,0,0,0,0,0,0
643,1273287393915875328,0,0,0,0,0,0,0
644,1278125269468004354,0,0,0,0,0,0,0
645,1288448556735639552,1,1,1,1,1,1,1
646,1282272500408291328,1,1,0,0,1,0,1
647,1293127881388892160,0,0,0,0,0,0,0
648,1284839417203621891,0,0,0,0,0,0,0
649,1285532305239531520,0,0,0,0,0,0,0
650,1277223811713294336,0,0,0,0,0,0,0
651,1277390954207612928,0,0,0,0,0,0,0
652,1291401065481592832,0,0,0,0,0,0,0
653,1291237997661356033,0,0,0,0,0,0,0
654,1283379098870480896,1,1,0,0,0,0,1
655,1276828703973167106,0,0,0,0,0,0,0
656,1284784711286611969,1,1,0,0,0,0,1
657,1277186998160314368,0,0,0,0,0,0,0
658,1289597880794152960,0,0,0,0,0,0,0
659,1275181172792885256,0,0,0,0,0,0,0
660,1279156432315863042,1,1,0,0,0,0,1
661,1285555557030604801,0,0,0,0,0,0,0
662,1280904740038033408,0,0,0,0,0,0,0
663,1284773316411174912,0,0,0,0,0,0,0
664,1278022834548285446,0,0,0,0,0,0,0
665,1284901669327835136,0,0,0,0,0,0,0
666,1273190542466330624,0,1,0,0,0,0,1
667,1273141850698907648,0,1,0,0,0,0,1
668,1280763381050458113,0,0,0,0,0,0,0
669,1281291937350389760,0,0,0,0,0,0,0
670,1293185604105039874,0,0,0,0,0,0,0
671,1282230687257579522,0,0,0,0,0,0,0
672,1278336827448066050,0,0,0,0,0,0,0
673,1288044205672140806,0,0,0,0,0,0,0
674,1291691673571991552,0,0,0,0,0,0,0
675,1284836695419092999,0,0,0,0,0,0,0
676,1288518345910878208,0,0,0,0,0,0,0
677,1286821839461851138,1,1,1,1,0,0,1
678,1277305225964146695,0,0,0,0,0,0,0
679,1278039040604938242,0,0,0,0,0,0,0
680,1279076593718222851,0,0,0,0,0,0,0
681,1281938400912781312,1,1,0,0,1,0,1
682,1274482871437266944,1,1,0,0,0,0,1
683,1281583015018274817,1,0,0,0,0,0,0
684,1273045608899772416,0,0,0,0,0,0,0
685,1284743331973672960,0,0,0,0,0,0,0
686,1282944468321275906,0,0,0,0,0,0,0
687,1276125360019685377,0,0,0,0,0,0,0
688,1279344867030728704,0,0,0,0,0,0,0
689,1293523103499407365,0,0,0,0,0,0,0
690,1282950949800206336,0,0,0,0,0,0,0
691,1281525241467068417,0,0,0,0,0,0,0
692,1284798419874254848,0,0,0,0,0,0,0
693,1284654431372550144,0,0,0,0,0,0,0
694,1273209785760927744,1,1,0,0,0,0,1
695,1277851946381185024,0,0,0,0,0,0,0
696,1277969650051997701,1,1,1,0,0,0,1
697,1292436116784721920,0,0,0,0,0,0,0
698,1288776465505497088,0,0,0,0,0,0,0
699,1280466738585403392,1,1,1,1,0,0,1
700,1275038163099168769,0,0,0,0,0,0,0
701,1282635536172285953,0,0,0,0,0,0,1
702,1273316702952910849,0,0,0,0,0,0,0
703,1291302165689053184,1,1,0,1,0,1,1
704,1272819810418769921,0,0,0,0,0,0,0
705,1281339757776297986,0,0,0,0,0,0,0
706,1286832143180746752,0,0,0,0,0,0,0
707,1279337400079187973,0,0,0,0,0,0,0
708,1291146975098830848,0,0,0,0,0,0,0
709,1293229085725007872,0,0,0,0,0,0,0
710,1274093690957565952,0,0,0,0,0,0,0
711,1273579454942662656,0,0,0,0,0,0,0
712,1277502998739116032,0,0,0,0,0,0,0
713,1292195218813521920,0,0,0,0,0,0,0
714,1292988165825888256,0,0,0,0,0,0,0
715,1275456992912396290,0,0,0,0,0,0,0
716,1293528255312601089,0,0,0,0,0,0,0
717,1286721443095613440,0,0,0,0,0,0,0
718,1282566847263580160,0,0,0,0,0,0,0
719,1284576761771102214,1,1,1,1,1,1,1
720,1280127929859661824,1,1,1,1,1,1,1
721,1284532041464401921,0,0,0,0,0,0,0
722,1277568064738021376,0,0,0,0,0,0,0
723,1274237796983635969,0,0,0,0,0,0,0
724,1276436305682018306,0,0,0,0,0,0,0
725,1275490510250160129,0,0,0,0,0,0,0
726,1292923728410574850,0,0,0,0,0,0,0
727,1292978140579532801,0,0,0,0,0,0,1
728,1280105201274322946,0,0,0,0,0,0,0
729,1282308149710651393,1,1,0,1,0,0,1
730,1272835471136165888,0,0,0,0,0,0,0
731,1280391522513543168,0,0,0,0,0,0,0
732,1286564817118126080,0,0,0,0,0,0,0
733,1291060278667485184,0,0,0,0,0,0,0
734,1284542666424963072,0,0,0,0,0,0,0
735,1288615712534265857,0,0,0,0,0,0,0
736,1288081001495834624,0,1,0,0,0,0,0
737,1283011421832466432,0,0,0,0,0,0,0
738,1289980173958307840,0,0,0,0,0,0,0
739,1289317452346580993,0,0,0,0,0,0,0
740,1284916827202740226,1,1,0,1,0,0,1
741,1274990914432360449,0,0,0,0,0,0,0
742,1291297023338205185,0,0,0,0,0,0,0
743,1291741081781108741,0,0,0,0,0,0,0
744,1280916614138015751,0,0,0,0,0,0,0
745,1280822538340311040,0,0,0,0,0,0,0
746,1291636885551550464,1,1,1,1,0,1,1
747,1284786295085191170,0,0,0,0,0,0,0
748,1285514893228232705,1,1,1,1,1,1,1
749,1274855607384920064,0,0,0,0,0,0,0
750,1278448849909153792,0,0,0,0,0,0,0
751,1273552657790251008,0,0,0,0,0,0,0
752,1287390322922786816,0,0,0,0,0,0,0
753,1284785299122458625,0,0,0,0,0,0,0
754,1274990967049854976,0,0,0,0,0,0,0
755,1276441340491022336,0,0,0,0,0,0,0
756,1280096903003353088,0,0,0,0,0,0,1
757,1274474416240558086,1,1,0,0,0,0,1
758,1275373505656340480,0,0,0,0,0,0,0
759,1283401596702007296,0,0,0,0,0,0,0
760,1274381466101862405,0,0,0,0,0,0,0
761,1274246338587344897,1,1,1,1,0,0,1
762,1275338599911784449,0,0,0,0,0,0,0
763,1284474937026269184,0,0,0,0,0,0,0
764,1274950271966351365,0,0,0,0,0,0,0
765,1288021767752167424,0,0,0,0,0,0,0
766,1273900997140713473,1,1,1,1,1,1,1
767,1287403805643083776,1,1,1,0,1,1,1
768,1273570980657537026,0,0,0,0,0,0,0
769,1287147408871301121,0,0,0,0,0,0,0
770,1281601108499210242,0,0,0,0,0,0,0
771,1279485699599843330,0,0,0,0,0,0,0
772,1287945718431453184,1,1,1,1,0,1,1
773,1281942751257518081,0,0,0,0,0,0,0
774,1288612827498979329,0,0,0,0,0,0,1
775,1272776621964120067,0,0,0,0,0,0,0
776,1275857033259028480,0,0,0,0,0,0,0
777,1286905701177028609,0,0,0,0,0,0,0
778,1281111548640079875,0,0,0,0,0,0,0
779,1285129273439858688,0,0,0,0,0,0,0
780,1285158789356945409,0,0,0,0,0,0,0
781,1284477093351481346,0,0,0,0,0,0,0
782,1277598512843231234,0,1,0,0,0,0,0
783,1288872467080118272,0,0,0,0,0,0,0
784,1284840696755769344,0,0,0,0,0,0,0
785,1293233335670538241,0,0,0,0,0,0,0
786,1282280973502210049,0,0,0,0,0,0,0
787,1274307144922411008,0,0,0,0,0,0,0
788,1283509676148166656,0,0,0,0,0,0,0
789,1293136393133346816,1,1,1,1,0,1,1
790,1291980884745347072,1,1,1,1,0,1,1
791,1291124371780702213,0,0,0,0,0,0,0
792,1274649253311324161,0,0,0,0,0,0,0
793,1288382278670995464,0,0,0,0,0,0,0
794,1282954989040734208,0,0,0,0,0,0,0
795,1284407337911029763,0,0,0,0,0,0,0
796,1286987404973350912,0,0,0,0,0,0,0
797,1277142181720084480,1,1,0,0,0,0,1
798,1285243236760653828,0,0,0,0,0,0,0
799,1281016334541864962,0,0,0,0,0,0,0
800,1287142178414825472,0,0,0,0,0,0,0
801,1293545412066975744,0,0,0,0,0,0,0
802,1287258453291995137,0,0,0,0,0,0,0
803,1274676140897075200,0,0,0,0,0,0,0
804,1278958036506284032,0,0,0,0,0,0,0
805,1273350187327590400,0,0,0,0,0,0,0
806,1273835410481913857,0,0,0,0,0,0,0
807,1288569072599343106,0,0,0,0,0,0,0
808,1287332310220709891,0,0,0,0,0,0,0
809,1282343525078663168,0,0,0,0,0,0,0
810,1280950177231233027,0,0,0,0,0,0,0
811,1276180300905746439,1,0,0,0,0,0,0
812,1275390001765855235,0,0,0,0,0,0,0
813,1289869622187945984,1,1,1,0,0,0,1
814,1288480145129562117,0,0,0,0,0,0,0
815,1275359561508151296,1,1,1,0,0,0,1
816,1280087805805412352,0,0,0,0,0,0,0
817,1276435610178392065,1,0,0,0,0,0,0
818,1284328397255172106,0,0,0,0,0,0,0
819,1277128552153055232,0,1,0,0,0,0,1
820,1284250691343724545,0,0,0,0,0,0,0
821,1288863985182400517,0,0,0,0,0,0,0
822,1293075544574234630,0,0,0,0,0,0,0
823,1275911106419142656,0,0,0,0,0,0,0
824,1274433869006209030,0,0,0,0,0,0,0
825,1276068474012536834,1,1,0,0,1,0,1
826,1273322021691277313,0,0,0,0,0,0,0
827,1288113796372783108,0,0,0,0,0,0,0
828,1277124249631760385,0,0,0,0,0,0,0
829,1276223641257197569,0,0,0,0,0,0,0
830,1278069425472704512,0,0,0,0,0,0,0
831,1274981946423156742,0,0,0,0,0,0,0
832,1284616796092366855,0,0,0,0,0,0,0
833,1285290615794814983,0,0,0,0,0,0,0
834,1277287602874396672,0,0,0,0,0,0,0
835,1274356049219325954,0,0,0,0,0,0,0
836,1280040799170789376,1,1,0,0,0,0,1
837,1280245668167237635,0,0,0,0,0,0,0
838,1275880443326476296,0,0,0,0,0,0,0
839,1275086351763939329,0,1,0,0,0,0,0
840,1273179315740557314,0,0,0,0,0,0,0
841,1277485800561795073,0,0,0,0,0,0,0
842,1286393629947371522,0,0,0,0,0,0,0
843,1291422649290240002,1,1,0,1,0,1,1
844,1286822522890129410,0,0,0,0,0,0,0
845,1276510612038782976,0,0,0,0,0,0,0
846,1280436208041148416,1,1,1,1,0,1,1
847,1291972224476381184,1,1,0,0,0,0,0
848,1291666676971339779,0,0,0,0,0,0,0
849,1281956017471881216,0,0,0,0,0,0,0
850,1287311000698523649,0,0,0,0,0,0,0
851,1273011131070758912,0,0,0,0,0,0,0
852,1276105057419907073,1,1,1,0,0,0,1
853,1281459552282697734,0,0,0,0,0,0,0
854,1288744481911693313,0,0,0,0,0,0,0
855,1279647771277041664,1,1,1,1,0,1,1
856,1277689994786766849,1,1,0,0,0,0,1
857,1282047897945743363,0,0,0,0,0,0,0
858,1274820991911428096,0,0,0,0,0,0,0
859,1293444840886276103,0,0,0,0,0,0,0
860,1279844373811912706,0,0,0,0,0,0,0
861,1282370653161754627,0,0,0,0,0,0,0
862,1281978025941372939,0,0,0,0,0,0,0
863,1284793290295062528,0,0,0,0,0,0,1
864,1276454158011432960,0,0,0,0,0,0,0
865,1291103303800107009,0,0,0,0,0,0,1
866,1285541863433347075,1,1,0,0,0,0,1
867,1286553169472913409,0,0,0,0,0,0,0
868,1274465541357535235,0,0,0,0,0,0,0
869,1286582959575838721,1,1,1,1,1,1,1
870,1273558213980545024,0,0,0,0,0,0,0
871,1289161462221430787,0,0,0,0,0,0,0
872,1273969492746518528,0,0,0,0,0,0,0
873,1287998331961180161,0,0,0,0,0,0,0
874,1287176333202608128,0,0,0,0,0,0,0
875,1280400819922362369,0,0,0,0,0,0,0
876,1274741736485593088,0,0,0,0,0,0,0
877,1278686243732291592,0,0,0,0,0,0,0
878,1293598083545214980,0,0,0,0,0,0,0
879,1279797864223444993,1,1,1,1,0,1,1
880,1293579520000368640,0,0,0,0,0,0,0
881,1274074999419273217,1,1,0,1,1,0,1
882,1279406163457716224,0,0,0,0,0,0,0
883,1276895875059630081,1,1,0,0,0,0,1
884,1280901842206064645,0,0,0,0,0,0,0
885,1289907368659005440,0,0,0,0,0,0,0
886,1279771859232395265,1,1,0,0,0,0,1
887,1279768914759647232,0,0,0,0,0,0,0
888,1292804694482485248,0,0,0,0,0,0,0
889,1274084316771909633,0,0,0,0,0,0,0
890,1293057002416021506,0,0,0,1,0,1,0
891,1276976837252583424,0,1,0,0,0,0,0
892,1289476698388348929,0,0,0,0,0,0,0
893,1280073558283243520,1,1,0,0,0,0,1
894,1292229156915290114,0,0,0,0,0,0,0
895,1288789784652128257,0,0,0,0,0,0,0
896,1285103924459044868,0,0,0,0,0,0,0
897,1276802824098033665,0,0,0,0,0,0,0
898,1273341664422244353,0,0,0,0,0,0,0
899,1273508393240670208,0,1,0,0,0,0,0
900,1293075173931913216,0,0,0,0,0,0,0
901,1275365633992032256,0,0,0,0,0,0,0
902,1292201251728498689,0,0,0,0,0,0,0
903,1279350518045949952,0,0,0,0,0,0,0
904,1279880163191382019,1,0,0,0,0,0,1
905,1274590854490062849,0,1,0,0,0,0,0
906,1274615219646578688,0,0,0,0,0,0,0
907,1274659251017965568,0,0,0,0,0,0,0
908,1284447696665878530,0,0,0,0,0,0,0
909,1274815029980905472,0,0,0,0,0,0,0
910,1274968052409524224,1,1,0,0,0,0,0
911,1292740550916018176,0,0,0,0,0,0,0
912,1278847053112709120,0,0,0,0,0,0,0
913,1287184555032674304,0,0,0,0,0,0,0
914,1282277761067909120,0,0,0,0,0,0,0
915,1273890387925643264,0,0,0,0,0,0,0
916,1291317679803052033,1,1,0,0,0,0,1
917,1289900393544085505,1,1,1,1,1,1,1
918,1279736960689623045,1,1,1,1,1,1,1
919,1282257032196784129,0,0,0,0,0,0,0
920,1292772429169938434,0,0,0,0,0,0,0
921,1279501585694035969,0,0,0,0,0,0,0
922,1280100371025866755,0,0,0,0,0,0,0
923,1277195570780741632,1,1,0,0,0,0,1
924,1273543487124881408,0,0,0,0,0,0,0
925,1274967175531462657,1,1,1,0,0,0,1
926,1287464787065044992,0,0,0,0,0,0,0
927,1282288704980160512,0,0,0,0,0,0,0
928,1284437142551199745,0,0,0,0,0,0,0
929,1285061156772687873,1,1,1,1,0,1,1
930,1282361712117780486,1,0,0,0,0,0,0
931,1280140161469362176,0,0,0,0,0,0,0
932,1275719235730378753,0,0,0,0,0,0,0
933,1279715341996867585,0,0,0,0,0,0,0
934,1291427373523623947,0,0,0,0,0,0,0
935,1286342518288850947,0,0,0,0,0,0,0
936,1287372847455834113,0,0,0,0,0,0,0
937,1293091022776553472,0,0,0,0,0,0,0
938,1273213802159443970,0,0,0,0,0,0,0
939,1283308088527851521,0,0,0,0,0,0,0
940,1280442842477989891,0,0,0,0,0,0,0
941,1281913138535956480,0,0,0,0,0,0,0
942,1274034609576120328,0,0,0,0,0,0,0
943,1274757161034354689,0,0,0,0,0,0,0
944,1279752902567837697,0,0,0,0,0,0,0
945,1278075695424507904,0,0,0,0,0,0,0
946,1273573589904752640,0,0,0,0,0,0,0
947,1281297725917708291,0,0,0,0,0,0,0
948,1287305631465115652,0,0,0,0,0,0,0
949,1292125217750421506,1,1,0,0,0,0,1
950,1291121952636260360,1,1,1,1,1,1,1
951,1276906050873155584,1,1,0,0,0,0,1
952,1281418009618403331,0,0,0,0,0,0,0
953,1284487061207166976,0,0,0,0,0,0,0
954,1284918166595014657,0,0,0,0,0,0,0
955,1276693365506138115,0,0,0,0,0,0,0
956,1292846104632012800,0,0,0,0,0,0,0
957,1276408346455638017,0,0,0,0,0,0,0
958,1279511636315910146,0,0,0,0,0,0,0
959,1279344893266145280,0,0,0,0,0,0,0
960,1291772921455816705,0,0,0,0,0,0,0
961,1272781767427137536,0,1,0,1,0,0,1
962,1280433512064090114,0,0,0,0,0,0,0
963,1288549640531574785,0,0,0,0,0,0,0
964,1286948837370863617,0,0,0,0,0,0,0
965,1292230413537161218,0,0,0,0,0,0,0
966,1281708660633337856,1,1,1,1,0,0,1
967,1291321283033038858,1,1,0,0,0,0,1
968,1279735905176236036,0,0,0,0,0,0,0
969,1286300885597990912,1,1,1,1,1,1,1
970,1273977326808829952,0,0,0,0,0,0,0
971,1275780497025781762,0,0,0,0,0,0,0
972,1280142325663047683,1,1,0,0,0,0,1
973,1288393229751197696,0,0,0,0,0,0,0
974,1292038019327963136,0,0,0,0,0,0,0
975,1292492248509296642,0,0,0,0,0,0,0
976,1273563743956467712,0,0,0,0,0,0,0
977,1273440716799086592,0,0,0,0,0,0,0
978,1281918373287415808,0,0,0,0,0,0,0
979,1288055437376606208,0,0,0,0,0,0,0
980,1274253834391609346,0,0,0,0,0,0,0
981,1273697677415518208,0,0,0,0,0,0,0
982,1280649055690018816,0,0,0,0,0,0,0
983,1275348981787344896,0,0,0,0,0,0,0
984,1291098389346738178,0,0,0,0,0,0,0
985,1273584385107861504,0,0,0,0,0,0,0
986,1275705437023875075,0,0,0,0,0,0,0
987,1277414552284602369,0,0,0,0,0,0,0
988,1281841289097629699,0,1,0,0,0,0,0
989,1284824427738345473,0,0,0,0,0,0,0
990,1293074421817778177,0,0,0,0,0,0,0
991,1292408137010548737,1,1,0,0,0,0,1
992,1291695437179748353,0,0,0,0,0,0,0
993,1288525690892161028,1,0,0,0,0,0,0
994,1278043998024806400,0,0,0,0,0,0,0
995,1288015680357490689,1,1,0,0,0,0,1
996,1281177674056994816,0,0,0,0,0,0,0
997,1274057258746499072,0,0,0,0,0,0,0
998,1285251389711626242,0,0,0,0,0,0,0
999,1279371044814553088,0,0,0,0,0,0,0
1000,1243925373353709570,0,0,0,0,0,0,0
1001,1247856393102790658,0,0,0,0,0,0,0
1002,1242686975943094273,1,1,1,1,0,0,1
1003,1247117390091112450,0,0,0,0,0,0,0
1004,1243596989125857280,1,1,1,1,1,1,1
1005,1245256235504590848,0,0,0,0,0,0,0
1006,1245273112305971200,0,0,0,0,0,0,0
1007,1243629964529934342,0,0,0,0,0,0,0
1008,1244923513150021632,0,0,0,0,0,0,0
1009,1242831505539444739,0,0,0,0,0,0,0
1010,1246933339598184448,0,0,0,0,0,0,0
1011,1244032991250337793,1,1,0,0,0,0,1
1012,1245773866447880193,0,0,0,0,0,0,0
1013,1242928328832700416,0,0,0,0,0,0,0
1014,1247782779225399296,0,0,0,0,0,0,0
1015,1245461607775420417,0,0,0,0,0,0,0
1016,1244045683738513410,0,0,0,0,0,0,0
1017,1244734132065832961,0,0,0,0,0,0,0
1018,1248255564481728513,0,1,0,0,0,0,0
1019,1243889122286206977,0,0,0,0,0,0,0
1020,1246140297177948168,0,0,0,0,0,0,0
1021,1243468655570096129,0,0,0,0,0,0,0
1022,1245432299212210181,1,1,1,1,1,1,1
1023,1245636074736455681,0,0,0,0,0,0,0
1024,1247050994237784074,0,0,0,0,0,0,0
1025,1247996977587109888,0,0,0,0,0,0,0
1026,1243430093160173568,1,1,0,0,1,1,1
1027,1247417278255321088,0,0,0,0,0,0,0
1028,1244294560072769537,0,0,0,0,0,0,0
1029,1245286907623485448,1,1,0,0,0,0,1
1030,1242902110116761602,0,0,0,0,0,0,0
1031,1245642567330324481,0,0,0,0,0,0,0
1032,1247838588680769536,0,0,0,0,0,0,0
1033,1247501341074894849,0,1,1,1,0,1,1
1034,1243952229738000385,0,0,0,0,0,0,0
1035,1244721930176995328,0,0,0,0,0,0,0
1036,1244266626020773888,0,0,0,0,0,0,0
1037,1245715351070965761,0,0,0,0,0,0,0
1038,1246885708943499275,0,0,0,0,0,0,0
1039,1242745364710592518,0,0,0,0,0,0,0
1040,1245633323289862146,0,0,0,0,0,0,0
1041,1245120364071526401,0,0,0,0,0,0,0
1042,1245081156271386625,1,1,1,1,0,1,1
1043,1247222319036186632,0,0,0,0,0,0,0
1044,1244891271619121154,0,0,0,0,0,0,0
1045,1242786867378040832,0,0,0,0,0,0,0
1046,1247117817796845569,0,0,0,0,0,0,0
1047,1243813830683168769,0,0,0,0,0,0,0
1048,1242797453423841281,1,1,1,1,1,1,1
1049,1247282989337362433,1,1,1,1,1,1,1
1050,1244232203426390016,0,0,0,0,0,0,0
1051,1245019986298535938,1,1,0,0,0,0,1
1052,1247104312645476352,1,1,1,0,0,0,1
1053,1247802684649787395,0,0,0,0,0,0,0
1054,1245290451978027008,0,0,0,0,0,0,0
1055,1246101445222567936,0,0,0,0,0,0,0
1056,1248213445759193088,1,1,0,0,0,0,1
1057,1244595078217302016,0,0,0,0,0,0,0
1058,1243303350319362049,0,0,0,0,0,0,0
1059,1248062072916566016,0,0,0,0,0,0,1
1060,1242939854817804290,1,1,0,0,0,0,1
1061,1244968366298877952,0,0,0,0,0,0,0
1062,1247464623932137477,1,1,0,1,0,1,1
1063,1247207727002193920,0,0,0,0,0,0,0
1064,1244985894702022656,0,0,0,0,0,0,0
1065,1243877348975534080,0,0,0,0,0,0,0
1066,1248246173640437763,0,0,0,0,0,0,0
1067,1247504536366792705,1,1,1,1,1,1,1
1068,1245015217249058816,0,0,0,0,0,0,0
1069,1247047497027125250,0,0,0,0,0,0,0
1070,1245627309081546754,0,0,0,0,0,0,0
1071,1248107783028912128,1,1,0,0,0,0,1
1072,1243930599062192131,0,1,0,1,0,0,0
1073,1245815750465597446,0,0,0,0,0,0,0
1074,1244732684846403597,0,0,0,0,0,0,0
1075,1242864843826302979,0,0,0,0,0,0,0
1076,1247648837994414080,1,0,0,0,0,0,0
1077,1242833990270279685,1,1,1,1,0,1,1
1078,1247118254675562496,1,1,0,0,1,0,1
1079,1247411482788352000,1,1,1,1,1,1,1
1080,1245825577996529664,1,1,0,0,0,0,1
1081,1245631721485168640,0,0,0,0,0,0,0
1082,1248009510037250048,0,0,0,0,0,0,0
1083,1247282264054140928,0,0,0,0,0,0,0
1084,1243623115005059074,0,0,0,0,0,0,0
1085,1243476738274983936,1,1,1,1,0,0,1
1086,1243446580881100801,0,0,0,0,0,0,0
1087,1246362851423518720,0,1,0,0,0,0,0
1088,1246398129907384320,0,0,0,0,0,0,0
1089,1246121515235581952,0,0,0,0,0,0,0
1090,1245349268501692416,1,1,0,0,0,0,1
1091,1247861522484932608,0,0,0,0,0,0,0
1092,1242828587444498434,0,0,0,0,0,0,0
1093,1245006421755940864,1,0,0,0,0,0,0
1094,1245180758882504708,1,1,0,0,0,0,1
1095,1243929102417092608,0,0,0,0,0,0,0
1096,1243531402223792133,0,0,0,0,0,0,0
1097,1244051407931670528,1,1,1,1,1,1,1
1098,1247193277327183872,0,0,0,0,0,0,1
1099,1243948379278843904,0,0,0,0,0,0,0
1100,1247873768598507520,0,0,0,0,0,0,0
1101,1244145906456449024,1,0,0,0,0,0,1
1102,1244354358327873538,0,0,0,0,0,0,0
1103,1246353188225253377,0,0,0,0,0,0,0
1104,1248014098710708225,1,0,0,0,0,0,0
1105,1243211796485410823,0,0,0,0,0,0,0
1106,1244367222690254850,0,0,0,0,0,0,0
1107,1247890454697263105,0,0,0,0,0,0,0
1108,1244953741910040576,1,1,1,1,0,1,1
1109,1246412943660638209,1,1,1,1,0,1,1
1110,1242742067501174785,1,1,0,0,0,0,1
1111,1242486580222103554,0,0,0,0,0,0,0
1112,1247313775491002373,1,1,1,0,0,0,1
1113,1243279400327667714,0,0,0,0,0,0,0
1114,1243227923563393025,0,0,0,0,0,0,0
1115,1243602701197475840,1,1,1,1,1,1,1
1116,1247859807085789184,1,1,1,0,0,1,1
1117,1243301940810915840,1,1,0,0,1,1,1
1118,1243829080962871296,0,0,0,0,0,0,0
1119,1245802190536671232,0,0,0,0,0,0,0
1120,1246457970017341441,0,0,0,0,0,0,0
1121,1245632942212145153,0,0,0,0,0,0,0
1122,1245074256129593347,1,1,1,1,0,1,1
1123,1245583428151431169,0,0,0,0,0,0,0
1124,1243626562668367874,1,1,1,1,1,1,1
1125,1247054156734570502,0,0,0,0,0,0,0
1126,1243472745398231041,0,0,0,0,0,0,0
1127,1245757365858811904,1,1,0,0,0,0,1
1128,1245254988563169282,1,1,1,0,1,1,1
1129,1242904295181152258,1,1,1,1,0,1,1
1130,1242506188555718656,0,0,0,0,0,0,0
1131,1242911907994099712,0,0,0,0,0,0,0
1132,1248042176195571722,1,1,0,1,0,1,1
1133,1247422974220787712,1,1,0,0,0,0,1
1134,1243791206183813125,0,0,0,0,0,0,0
1135,1242872271905185797,0,0,0,0,0,0,0
1136,1243645445517324289,0,0,0,0,0,0,0
1137,1246424709165723648,1,1,1,1,1,0,1
1138,1247506768026046466,0,0,0,0,0,0,1
1139,1244787411848171522,0,0,0,0,0,0,0
1140,1246000937841430528,0,0,0,0,0,0,0
1141,1245413621569589250,0,0,0,0,0,0,0
1142,1246912523275841537,1,1,0,0,0,0,0
1143,1244580646095380481,0,0,0,0,0,0,0
1144,1244632113380548608,0,0,0,0,0,0,0
1145,1243594467665481729,1,1,0,1,1,1,1
1146,1242840789463465989,0,0,0,0,0,0,0
1147,1245351353016295424,0,0,0,0,0,0,0
1148,1247451059179700224,0,0,0,0,0,0,0
1149,1247094610637328384,1,1,1,1,0,1,1
1150,1248342114578108417,0,0,0,0,0,0,0
1151,1243551271040307200,0,1,0,0,0,0,1
1152,1247450909254311937,0,0,0,0,0,0,0
1153,1243289823504465924,0,0,0,0,0,0,0
1154,1247073035548528641,0,0,0,0,0,0,0
1155,1243650461883871234,1,0,0,0,0,0,0
1156,1243357418261606401,0,0,0,0,0,0,0
1157,1247422026375200769,1,0,0,0,0,0,0
1158,1246114367915073537,1,1,1,1,0,0,1
1159,1245503938293620737,1,1,0,1,0,0,1
1160,1243889378361053184,0,0,0,0,0,0,0
1161,1244315313560268805,0,0,0,0,0,0,0
1162,1247054089629941762,0,0,0,0,0,0,0
1163,1243834323884785665,0,0,0,0,0,0,0
1164,1248156813888978944,0,0,0,0,0,0,0
1165,1248189596766220288,0,1,0,0,0,0,0
1166,1244067040178114560,1,1,0,0,0,0,1
1167,1246896232850698241,0,0,0,0,0,0,0
1168,1243493670998900737,0,0,0,0,0,0,0
1169,1242726918132301825,0,0,0,0,0,0,0
1170,1245446551130038272,0,0,0,0,0,0,0
1171,1242836036729872385,0,0,0,0,0,0,0
1172,1245260902540234755,0,0,0,0,0,0,0
1173,1246972288353828864,0,0,0,0,0,0,0
1174,1244636836603072512,0,0,0,0,0,0,0
1175,1242950323741831175,1,1,0,0,0,0,1
1176,1245475521435230208,0,0,0,0,0,0,0
1177,1246998481195225088,0,0,0,0,0,0,0
1178,1245351017350336512,0,0,0,0,0,0,0
1179,1246916398619779072,0,0,0,0,0,0,0
1180,1245833026837282817,1,1,1,1,0,1,1
1181,1248328134233133056,0,0,0,0,0,0,0
1182,1245461164248760320,1,1,1,1,0,1,1
1183,1245442021248073730,0,0,0,0,0,0,0
1184,1242811844324216832,0,0,0,0,0,0,0
1185,1243851117332758528,0,0,0,0,0,0,0
1186,1242407018465579008,1,1,1,1,1,1,1
1187,1244933998540963841,0,0,0,0,0,0,0
1188,1242813220416565250,1,1,0,0,0,0,1
1189,1242964869474693121,1,1,1,1,1,1,1
1190,1253011376685092864,0,0,0,0,0,0,0
1191,1252892271613227008,0,0,0,0,0,0,0
1192,1251121159426498560,0,0,0,0,0,0,0
1193,1254229117874167809,0,1,0,0,0,0,1
1194,1251443927682633729,0,0,0,0,0,0,0
1195,1253954679924498432,0,0,0,0,0,0,0
1196,1251438236645367808,1,1,1,1,0,1,1
1197,1250540953284292610,0,0,0,0,0,0,0
1198,1252648275666141185,0,0,0,0,0,0,0
1199,1252937855254638592,0,0,0,0,0,0,0
1200,1251797185118769152,0,0,0,0,0,0,0
1201,1251409015273394176,0,0,0,0,0,0,0
1202,1252728085746798592,1,0,0,0,0,0,0
1203,1254090130928758785,1,1,0,1,0,1,1
1204,1252066542990303233,1,1,0,0,0,0,1
1205,1250159489598324744,0,0,0,0,0,0,0
1206,1253330840978747392,1,1,1,1,1,1,1
1207,1249339104204029955,0,0,0,0,0,0,0
1208,1252354901641854983,0,0,0,0,0,0,0
1209,1250436183160573958,0,0,0,0,0,0,0
1210,1250354457889521665,0,1,0,0,0,0,0
1211,1250810063272411137,0,0,0,0,0,0,0
1212,1251829304645820418,0,0,0,0,0,0,0
1213,1250839419826909190,1,1,0,1,0,1,1
1214,1254120484851134465,1,1,0,0,0,0,1
1215,1254074784553611276,1,1,1,1,0,1,1
1216,1252831164949098497,0,0,0,0,0,0,0
1217,1248651699985813504,0,0,0,0,0,0,0
1218,1249976395817771016,0,0,0,0,0,0,0
1219,1249317902353944579,0,0,0,0,0,0,0
1220,1253431683669323782,0,0,0,0,0,0,0
1221,1251069108629749762,1,1,0,1,0,0,1
1222,1253337148121464834,1,1,0,0,0,0,1
1223,1250793315701792769,0,0,0,0,0,0,0
1224,1252923414807023616,1,1,0,0,0,0,1
1225,1249681703628681217,0,0,0,0,0,0,0
1226,1249319986553851906,0,0,0,0,0,0,0
1227,1251987044672450565,1,1,1,1,0,0,1
1228,1251506020112896002,0,0,0,0,0,0,0
1229,1252543712938332160,1,1,1,1,1,1,1
1230,1252845849341595648,1,1,1,1,1,1,1
1231,1253999588371058689,0,0,0,0,0,0,0
1232,1249990077641613314,1,1,0,0,0,0,1
1233,1253788573037465601,0,0,0,0,0,0,0
1234,1250744204025909249,0,0,0,0,0,0,0
1235,1251848376594948096,1,1,1,1,0,0,0
1236,1250720037637435392,0,1,0,0,0,0,1
1237,1253642946542546945,0,0,0,0,0,0,0
1238,1249601807376154626,0,0,0,0,0,0,0
1239,1253019627183104000,1,1,1,1,0,0,1
1240,1253619736329564160,0,0,0,0,0,0,0
1241,1249285651847143425,1,1,0,1,0,0,1
1242,1249691723510489089,0,0,1,0,0,0,0
1243,1248602907479597056,0,0,0,0,0,0,0
1244,1253266667024637957,0,0,0,0,0,0,0
1245,1249436588129599490,0,0,0,0,0,0,0
1246,1253566443469275136,0,0,0,0,0,0,0
1247,1253579521078542338,1,0,0,0,0,0,0
1248,1250165734384324623,1,1,1,1,0,1,1
1249,1253433713842507776,0,0,0,0,0,0,0
1250,1254107071643029505,0,0,0,0,0,0,0
1251,1249646701683539970,0,0,0,0,0,0,0
1252,1252321334207676420,0,0,0,0,0,0,0
1253,1251072748694188032,0,0,0,0,0,0,0
1254,1253779320356683777,0,0,0,0,0,0,0
1255,1248526949280088064,1,1,1,1,1,1,1
1256,1252175427042529285,0,0,0,0,0,0,0
1257,1253059791909511170,0,0,0,0,0,0,0
1258,1252562502451376129,0,0,0,0,0,0,0
1259,1251055758558593024,0,1,0,0,0,1,1
1260,1254111907407167489,1,1,0,1,0,0,1
1261,1252508395183190017,0,1,0,0,0,0,1
1262,1248672256496144384,0,0,0,0,0,0,0
1263,1249703429804523520,0,0,0,0,0,0,0
1264,1249657032908693505,0,0,0,0,0,0,0
1265,1251491365701238785,0,0,0,0,0,0,0
1266,1251653445544824832,0,0,0,0,0,0,0
1267,1249288835676155905,0,0,0,0,0,0,0
1268,1249812942947745793,0,0,0,0,0,0,0
1269,1251074372116328448,0,0,0,0,0,0,0
1270,1252146625415438337,1,1,0,0,0,0,1
1271,1252514083380789253,1,1,1,1,0,1,1
1272,1252347447872901121,0,0,0,0,0,0,0
1273,1250087397473366026,0,0,0,0,0,0,0
1274,1250977998934888449,1,1,1,1,0,1,1
1275,1253299958524100608,0,0,0,0,0,0,0
1276,1250255722417393664,0,0,0,0,0,0,0
1277,1248601724945698816,0,0,0,0,0,0,0
1278,1249746630984773640,1,0,0,0,0,0,1
1279,1249734664895393792,0,0,0,0,0,0,0
1280,1250173527363391489,0,0,0,0,0,0,0
1281,1254013849172357122,0,0,0,0,0,0,0
1282,1252970637729173505,1,1,0,0,0,0,0
1283,1252391085688545280,0,0,0,0,0,0,0
1284,1249024719912927234,0,0,0,0,0,0,0
1285,1248518958677929985,0,0,0,0,0,0,0
1286,1248736190452269056,0,0,0,0,0,0,0
1287,1253569105887625216,0,0,0,0,0,0,0
1288,1248527771082645504,0,0,0,0,0,0,0
1289,1249563441515450368,0,0,0,0,0,0,0
1290,1253628086786105344,0,0,0,0,0,0,0
1291,1252136332094312448,0,0,0,0,0,0,0
1292,1252219064581226496,1,1,0,0,0,0,1
1293,1251522805876883456,0,0,0,0,0,0,0
1294,1249399691021881345,0,0,0,0,0,0,0
1295,1250897635919171585,0,0,0,0,0,0,0
1296,1250057869766123520,1,1,1,1,1,1,1
1297,1253588190121902080,0,0,0,0,0,0,0
1298,1253520532206694400,0,0,0,0,0,0,0
1299,1249067502069526529,0,0,0,0,0,0,0
1300,1253425632085590019,0,0,0,0,0,0,0
1301,1252186454090027009,0,0,0,0,0,0,0
1302,1252840005724041222,0,0,0,0,0,0,0
1303,1250826559834984450,0,0,0,0,0,0,0
1304,1250331016159346688,0,0,0,0,0,0,0
1305,1250376565185273861,1,1,1,1,0,1,1
1306,1250095169136988161,1,1,0,0,0,0,1
1307,1253792599208583168,0,0,0,0,0,0,0
1308,1252160097062653953,0,0,0,0,0,0,0
1309,1248972987618988032,0,0,0,0,0,0,0
1310,1252000536834060296,1,1,1,1,0,1,1
1311,1253228981735895040,0,0,0,0,0,0,0
1312,1253455712921018368,0,0,0,0,0,0,0
1313,1253376130867965953,0,0,0,0,0,0,0
1314,1250188614639771648,1,1,0,0,0,0,1
1315,1252263897467363328,1,1,1,1,0,1,1
1316,1253851152397066244,1,1,1,1,1,1,1
1317,1252969094191747074,0,0,0,0,0,0,0
1318,1250869047895429121,1,1,0,1,0,0,1
1319,1248371163824357378,1,1,0,0,0,0,1
1320,1253791642882105348,0,0,0,0,0,0,0
1321,1250034310259843073,0,1,0,0,0,0,0
1322,1249653421612978176,0,0,0,0,0,0,0
1323,1253790033426997248,0,0,0,0,0,0,0
1324,1252208985320624128,0,0,0,0,0,0,0
1325,1249945924903874562,1,1,1,1,0,1,1
1326,1250411851797737472,0,0,0,0,0,0,0
1327,1252753838286790656,1,1,1,1,0,1,1
1328,1249746765231915014,1,1,1,1,1,1,1
1329,1251416996954075137,0,0,0,0,0,0,0
1330,1252675908575670273,1,1,0,0,0,0,1
1331,1248419683356704769,1,1,0,0,0,0,1
1332,1253703655359987712,1,1,0,0,0,0,1
1333,1254120795946786822,0,0,0,0,0,0,0
1334,1250373281414348800,0,0,0,0,0,0,0
1335,1249462391450079232,0,0,0,0,0,0,0
1336,1253455104700792834,1,1,1,1,0,1,1
1337,1252163372386263040,0,1,0,0,0,0,0
1338,1252495892797628416,0,0,0,0,0,0,0
1339,1252904305214046210,0,0,0,0,0,0,0
1340,1249291553534697472,0,0,0,0,0,0,0
1341,1252238392001048576,0,0,0,0,0,0,0
1342,1251821479039246336,0,0,0,0,0,0,0
1343,1252282935618818053,0,0,0,0,0,0,0
1344,1249972797549547521,1,1,1,1,0,1,1
1345,1251021162919997440,0,0,0,0,0,0,0
1346,1250481678973374465,0,0,0,0,0,0,0
1347,1248534434690850816,0,0,0,0,0,0,0
1348,1253298976838897664,0,0,0,0,0,0,0
1349,1248740132527779847,0,0,0,0,0,0,0
1350,1250348359665123331,0,0,0,0,0,0,0
1351,1252550397908131841,0,0,0,0,0,0,0
1352,1252897543391981570,0,0,0,0,0,0,0
1353,1254008317380354048,1,1,1,1,1,1,1
1354,1251411712290537472,0,0,0,0,0,0,0
1355,1251023499663196161,0,0,0,0,0,0,0
1356,1249065103615496195,0,0,0,0,0,0,0
1357,1249325216779710464,1,1,0,0,0,0,1
1358,1252706321062821888,0,0,0,0,0,0,0
1359,1248700366348267523,0,0,0,0,0,0,0
1360,1249960256114999301,0,0,0,0,0,0,0
1361,1249644365795950595,0,0,0,0,0,0,0
1362,1248745874605453313,0,0,0,0,0,0,0
1363,1248745677074694144,1,1,0,0,0,0,1
1364,1253965811431202816,0,0,0,0,0,0,0
1365,1251233872580423691,0,0,0,0,0,0,0
1366,1252924839691722752,1,0,0,0,0,0,0
1367,1249941817237348352,1,1,1,1,1,1,1
1368,1252944280957734913,1,1,0,0,0,0,1
1369,1252551216372088832,0,0,0,0,0,0,0
1370,1251830752276131840,0,0,0,0,0,0,0
1371,1250048272879796224,0,0,0,0,0,0,0
1372,1252183777822064640,1,1,1,1,0,1,1
1373,1249612892145680385,0,0,0,0,0,0,0
1374,1252371665570299905,0,0,0,0,0,0,0
1375,1253277971504345088,1,0,0,0,0,0,1
1376,1253987375115636737,1,0,0,0,0,0,1
1377,1249238566598819841,0,0,0,0,0,0,0
1378,1252586421849817090,1,0,0,0,0,0,1
1379,1249043086837153801,0,0,0,0,0,0,0
1380,1248915228521369601,0,0,0,0,0,0,0
1381,1253976818555723776,0,0,0,0,0,0,0
1382,1249405408218923010,0,0,0,0,0,0,0
1383,1252889985147195392,0,0,0,0,0,0,0
1384,1250583164193570816,0,0,0,0,0,0,0
1385,1250719441979084806,1,1,1,1,0,1,1
1386,1252536837735882759,0,0,0,0,0,0,0
1387,1251637055169462273,0,0,0,0,1,0,0
1388,1251468162136186881,1,1,0,0,0,0,1
1389,1253603474392129536,0,0,0,0,0,0,0
1390,1251525338967965696,1,1,0,1,0,1,1
1391,1254107960789344257,1,1,0,1,0,1,1
1392,1249019133175439370,0,0,0,0,0,0,0
1393,1254213603886014471,1,1,1,1,0,0,1
1394,1251615966343151616,0,0,0,0,0,0,0
1395,1252224504195153920,1,1,0,0,0,0,1
1396,1252327151392755715,1,0,0,0,0,0,0
1397,1252624327037652994,1,1,0,0,0,0,1
1398,1253978156215697408,0,0,0,0,0,0,0
1399,1248365618858012672,0,0,0,0,0,0,0
1400,1252842363350728705,1,1,1,1,1,1,1
1401,1250355387494252544,0,0,0,0,0,0,0
1402,1251589965542297603,0,0,0,0,0,0,0
1403,1249017534940094466,1,1,1,1,0,1,1
1404,1249669712465797122,1,1,0,0,0,0,1
1405,1252986202539667460,1,1,0,0,0,1,1
1406,1250153181180334080,1,1,1,1,0,1,1
1407,1248879408947044353,0,0,0,0,0,0,0
1408,1250368181039964161,1,1,0,1,0,0,1
1409,1250353555673882624,0,0,0,0,0,0,0
1410,1253333218125680640,1,1,1,1,1,1,1
1411,1252909388014268416,1,1,0,1,0,1,1
1412,1251081762656190465,1,1,0,0,0,0,1
1413,1252849536038404096,0,0,0,0,0,0,0
1414,1253405402928119809,0,0,0,0,0,0,0
1415,1251186762413735936,0,0,0,0,0,0,0
1416,1253259155365941252,0,0,0,0,0,0,0
1417,1252603036524052481,1,1,0,0,0,0,1
1418,1253044176905797638,0,0,0,0,0,0,1
1419,1253991457247068160,1,1,1,1,0,1,1
1420,1254057285820846080,0,0,0,0,0,0,0
1421,1249269528762224640,1,0,0,0,0,0,0
1422,1250703213935964160,0,0,0,0,0,0,0
1423,1250901445567750151,0,0,0,0,0,0,0
1424,1254016886108565505,1,1,1,1,1,0,1
1425,1251749462705344512,0,0,0,0,0,0,0
1426,1253339170379976706,1,1,0,0,0,0,1
1427,1251065329226264576,0,0,0,0,0,0,0
1428,1250236752998084608,0,0,0,0,0,0,0
1429,1251954215704055809,1,1,0,0,0,0,1
1430,1252129797167370240,1,1,1,1,1,1,1
1431,1250333264012668929,0,0,0,0,0,0,0
1432,1250546003222188035,0,0,0,0,0,0,0
1433,1249627295993737218,1,1,1,1,0,1,1
1434,1252731079569612801,0,0,0,0,0,0,0
1435,1250800626793144325,0,0,0,0,0,0,0
1436,1252844250523287552,0,0,0,0,0,0,0
1437,1251846488117981187,0,0,0,0,0,0,0
1438,1249605597819002880,0,0,0,0,0,0,0
1439,1252602935353249793,0,0,0,0,0,0,0
1440,1250008049563115523,0,0,0,0,0,0,0
1441,1251849294384152576,0,0,0,0,0,0,0
1442,1250721785814962181,0,0,0,0,0,0,0
1443,1250309674013872129,1,1,0,0,0,0,1
1444,1252646728752410624,0,0,0,0,0,0,0
1445,1252894284375896064,1,1,1,1,1,1,1
1446,1251626720005894145,0,0,0,0,0,0,0
1447,1253790699528560653,0,0,0,0,0,0,0
1448,1249424461859885064,0,0,0,0,0,0,0
1449,1250149082812866567,1,1,1,1,0,1,1
1450,1252013942911774721,0,0,0,0,0,0,0
1451,1250363071903797248,0,0,0,0,0,0,0
1452,1252926799232851968,1,1,0,0,0,0,1
1453,1251799782143725568,1,1,0,1,0,0,1
1454,1254113979435225088,0,0,0,0,0,0,0
1455,1250478180747620354,0,0,0,0,0,0,0
1456,1252788097147904006,0,0,0,0,0,0,0
1457,1253883431840354304,0,0,0,0,0,0,0
1458,1250018992347123713,0,0,0,0,0,0,0
1459,1250550528049909761,0,0,0,0,0,0,0
1460,1249664041032863744,0,0,0,0,0,0,0
1461,1253210268596867072,0,0,0,0,0,0,0
1462,1251154345074151425,1,0,0,0,0,0,0
1463,1252184760270696448,0,0,0,0,0,0,0
1464,1251518809011302407,0,1,1,0,0,1,0
1465,1251823151694184449,1,1,1,1,1,1,1
1466,1250222433547755521,1,1,0,0,0,0,1
1467,1249775463020584961,0,0,0,0,0,0,0
1468,1249182652676157441,1,1,0,0,1,0,1
1469,1251438181834252296,1,1,0,0,0,1,1
1470,1252882151164579840,0,0,0,0,0,0,0
1471,1252225826357215234,1,1,0,0,0,0,1
1472,1250388758215737344,0,0,0,0,0,0,0
1473,1252629095227305984,0,0,0,0,0,0,0
1474,1251117993234518016,0,0,0,0,0,0,0
1475,1250691847481155584,0,0,0,0,0,0,0
1476,1251000074387275781,1,1,0,1,0,0,1
1477,1249051182624055299,1,1,0,0,0,0,1
1478,1250374745763262465,0,0,0,0,0,0,0
1479,1252943215130562560,1,1,1,0,0,1,1
1480,1250127418788130822,0,0,0,0,0,0,0
1481,1251431500542705666,0,0,0,0,0,0,0
1482,1251994106756292608,1,1,1,1,1,1,1
1483,1251135436631744513,1,1,0,0,0,0,1
1484,1249587730826383361,0,0,0,0,0,0,0
1485,1249267655070097409,1,1,0,0,0,0,0
1486,1252026777297465344,0,0,0,0,0,0,0
1487,1252267382309105664,0,0,0,0,0,0,0
1488,1250242473324134402,1,1,1,1,0,1,1
1489,1259105932023390210,0,0,0,0,0,0,0
1490,1256565135893843969,0,0,0,0,0,0,0
1491,1259611731204112384,0,0,0,0,0,0,0
1492,1257064564048437248,0,0,0,0,0,0,0
1493,1259025058288238592,0,0,0,0,0,0,0
1494,1258535263032115200,0,0,0,0,0,0,0
1495,1256709520035897353,0,0,0,0,0,0,0
1496,1254817725047848962,0,0,0,0,1,0,0
1497,1258074191280177154,0,0,0,0,0,0,0
1498,1259079076712787969,0,0,0,0,0,0,0
1499,1254409204711829504,0,0,0,0,0,0,0
1500,1255581026065305600,1,1,1,1,0,1,1
1501,1257198722670374912,0,0,0,0,0,0,0
1502,1257741142336176128,1,1,0,0,1,0,1
1503,1256947927999709184,0,0,0,0,0,0,0
1504,1254776314545836032,1,1,1,1,0,1,1
1505,1259025664646303744,1,1,0,0,0,0,1
1506,1254559779692961800,0,0,0,0,0,0,0
1507,1255256634303135749,0,0,0,0,0,0,0
1508,1255082440617582593,0,0,0,0,0,0,0
1509,1258750544031682560,0,0,0,0,0,0,0
1510,1258336402745458688,0,0,0,0,0,0,0
1511,1256907084773363713,0,0,0,0,0,0,0
1512,1257266176519962626,0,0,0,0,0,0,0
1513,1257420089395118080,1,1,0,0,0,0,1
1514,1258263980109430786,1,1,1,1,0,1,0
1515,1255818942905540608,0,0,0,0,0,0,0
1516,1254407329023430656,0,0,0,0,0,0,0
1517,1254525675492573189,0,0,0,0,0,0,0
1518,1259092312568856577,0,0,0,0,0,0,0
1519,1254910118078164993,0,0,0,0,0,0,0
1520,1256961585207271432,1,1,0,0,0,0,1
1521,1257644199769489409,0,0,0,0,0,0,0
1522,1256716483461333000,0,0,0,0,0,0,0
1523,1255470191733022730,0,0,0,0,0,0,0
1524,1256866031164960768,1,1,0,0,0,0,1
1525,1258513843308789760,0,1,0,1,0,0,1
1526,1258306467301556224,0,0,0,0,0,0,0
1527,1258434908885745664,0,0,0,0,0,0,0
1528,1258519806967296000,0,0,0,0,0,0,0
1529,1255831241150140416,0,0,0,0,0,0,0
1530,1259729449085538305,0,0,0,0,0,0,0
1531,1257057362088726528,1,0,0,0,0,0,0
1532,1254915402292961281,0,0,0,0,0,0,0
1533,1259451097296646144,0,0,0,0,0,0,0
1534,1257955351145648128,0,0,0,0,0,0,0
1535,1256133143041658880,0,0,0,0,0,0,0
1536,1256525021985624065,0,0,0,0,0,0,0
1537,1257796713806512134,1,1,1,1,1,1,1
1538,1255947028896649222,1,1,1,1,0,1,1
1539,1255791973644058625,0,0,0,0,0,0,0
1540,1259115516469313536,0,0,0,0,0,0,0
1541,1259420185209049090,0,0,0,0,0,0,0
1542,1259091435565039617,0,0,0,0,0,0,0
1543,1259045207485579265,0,0,0,0,0,0,0
1544,1258019715974418433,0,0,0,0,0,0,0
1545,1258713487821471744,0,0,0,0,0,0,0
1546,1256388491249963008,0,0,0,0,0,0,0
1547,1255889801821200385,0,0,0,0,0,0,0
1548,1255832633046695939,0,0,0,0,0,0,0
1549,1259447315221315587,0,0,0,0,0,0,0
1550,1257588340884410368,0,0,0,0,0,0,0
1551,1259027828936527873,1,1,0,0,0,0,1
1552,1256179326736875521,0,0,0,0,0,0,0
1553,1257071454811820035,1,1,1,0,0,0,1
1554,1256817678414745600,1,1,1,1,1,1,1
1555,1256834384801529858,1,1,0,0,0,0,1
1556,1256894590541533185,0,0,0,0,0,0,0
1557,1254416532257603585,0,0,0,0,0,0,0
1558,1254511059832123393,0,0,0,0,0,0,0
1559,1255058327425466368,0,0,0,0,0,0,0
1560,1257030225277464584,1,1,1,1,1,1,1
1561,1254718215319584768,0,0,0,0,0,0,0
1562,1257224225519173633,0,0,0,0,0,0,0
1563,1255239970110963713,0,0,0,0,0,0,0
1564,1255694718031335424,0,0,0,0,0,0,0
1565,1257806234444607489,1,0,0,0,0,0,0
1566,1255744343643742208,1,0,0,0,0,0,0
1567,1254496378547589121,0,0,0,0,0,0,0
1568,1255998120300892160,0,0,0,0,0,0,0
1569,1258758064997634049,1,1,0,1,0,1,1
1570,1254642017545728000,0,0,0,0,0,0,0
1571,1257475139505131520,1,1,0,1,0,0,0
1572,1254384143053586433,1,1,0,0,1,1,1
1573,1258270280591564800,0,0,0,0,1,0,0
1574,1254253055127826432,0,0,0,0,0,0,0
1575,1256847882071703552,0,0,0,0,0,0,0
1576,1255826589574668289,0,0,0,0,0,0,0
1577,1257609186382405632,0,0,0,0,0,0,0
1578,1259023267039531008,1,0,0,0,0,0,1
1579,1257386174030794752,0,0,0,0,0,0,0
1580,1259086999090352130,0,0,0,0,0,0,0
1581,1256942111028641795,1,0,0,0,0,0,0
1582,1256981990148132869,0,0,0,0,0,0,0
1583,1255793040310099969,0,0,0,0,0,0,0
1584,1254346697146236929,1,1,0,1,0,0,1
1585,1256208824832348161,1,1,1,1,0,1,1
1586,1257330067551682562,0,0,0,0,0,0,0
1587,1255039092225605633,0,0,0,0,0,0,0
1588,1254658840769019904,1,0,0,0,0,0,0
1589,1258689516308762626,1,1,1,1,0,1,1
1590,1257318387052449793,0,0,0,0,0,0,0
1591,1255788657736396800,0,0,0,0,0,0,1
1592,1259072100800901120,1,1,0,1,1,1,1
1593,1254388911868125184,0,0,0,0,0,0,0
1594,1254383421922705408,0,0,0,0,0,0,0
1595,1255823318017507328,0,0,0,0,0,0,0
1596,1256257701123932161,0,0,0,0,0,0,0
1597,1254812234578083840,0,0,0,0,0,0,0
1598,1255384103924482049,1,1,0,0,0,0,1
1599,1256933403913523203,0,0,0,0,0,0,0
1600,1257675480238559234,0,0,0,0,0,0,0
1601,1257690631150985217,1,1,0,1,0,1,1
1602,1256593862052765700,1,1,1,1,1,1,1
1603,1254864617601486850,0,1,1,1,0,1,1
1604,1255104162565697542,0,0,0,0,0,0,0
1605,1255024248835510272,1,1,1,1,0,0,1
1606,1256170166100123651,0,0,0,0,0,0,0
1607,1255485931173359616,0,0,0,0,1,0,0
1608,1256843813034827778,0,1,1,0,0,0,0
1609,1256522865794564097,0,0,0,0,0,0,0
1610,1256240185215508481,0,0,0,0,0,0,0
1611,1256103196478574592,0,0,0,0,0,0,0
1612,1256870606391447554,0,0,0,0,0,0,0
1613,1257239361265033216,1,1,0,1,0,0,1
1614,1255537203746398208,0,0,0,0,0,0,0
1615,1255843262117666817,0,0,0,0,0,0,0
1616,1254423275914002437,0,0,0,0,0,0,0
1617,1258840981933371392,0,0,0,0,0,0,0
1618,1256567929245708288,0,0,0,0,0,0,0
1619,1257274400098918400,0,0,0,0,0,0,0
1620,1258219234934403073,0,0,0,0,0,0,0
1621,1257568001261535232,0,0,0,0,0,0,0
1622,1254530189780025346,0,0,0,0,0,0,0
1623,1254719292391784448,0,0,0,0,0,0,0
1624,1257733152828796928,0,0,0,0,0,0,0
1625,1257329337608613891,1,1,0,1,1,0,1
1626,1259064265534779393,0,0,0,0,0,0,0
1627,1257366578200543233,1,1,0,1,0,0,1
1628,1257000700946636800,0,0,0,0,0,0,0
1629,1257639758358106114,0,0,0,0,0,0,0
1630,1258670278122635265,0,0,0,0,0,0,0
1631,1256368435493326849,0,0,0,0,0,0,0
1632,1257538960731103234,0,0,0,0,0,0,0
1633,1257361998762971138,0,0,0,0,0,0,0
1634,1254448820001390592,0,0,0,0,0,0,0
1635,1257637333253476359,0,0,0,0,0,0,0
1636,1259007029420666881,0,0,0,0,0,0,1
1637,1257812051990380544,0,0,0,0,0,0,0
1638,1255942948119871490,1,0,0,0,0,0,0
1639,1258001533364580352,1,0,0,0,0,0,0
1640,1255020398728617984,1,0,1,1,0,1,1
1641,1254912508764307456,0,0,0,0,0,0,0
1642,1255452642886725635,0,0,0,0,0,0,1
1643,1257999167407915010,0,0,0,0,0,0,0
1644,1254734993512857600,0,0,0,0,0,0,0
1645,1254864748287373313,0,0,0,0,0,0,0
1646,1254331321406685185,1,1,1,1,1,1,1
1647,1254375537239379968,0,0,0,0,0,0,0
1648,1258614829536944129,0,0,0,0,0,0,0
1649,1258329280116936704,0,0,0,0,0,0,0
1650,1258293226827546624,0,0,0,0,0,0,0
1651,1256147554456219649,0,0,0,0,0,0,0
1652,1254332918534737920,0,0,0,0,0,0,0
1653,1258461967972532225,0,0,0,0,0,0,0
1654,1255419044657758211,1,1,0,0,0,0,0
1655,1259539566836490242,0,0,0,0,0,0,0
1656,1257379866925768708,0,0,0,0,0,0,0
1657,1255906516307238913,0,0,0,0,0,0,0
1658,1256913014621691904,0,0,0,0,0,0,0
1659,1257246252204466177,0,0,0,0,0,0,0
1660,1254666357901348864,0,0,0,0,0,0,0
1661,1259078266285064193,0,0,0,0,0,0,0
1662,1258776670649159683,0,1,0,0,0,0,0
1663,1257783753277091842,1,1,0,1,0,0,1
1664,1259114789508468736,1,1,0,0,0,0,1
1665,1256409892501491712,0,0,0,0,0,0,0
1666,1259584330235629568,0,0,0,0,0,0,0
1667,1258818085248815104,0,0,0,0,0,0,0
1668,1258740887355604992,0,0,0,0,0,0,0
1669,1256231469812416516,0,0,0,0,0,0,0
1670,1255949134856667136,0,0,0,0,0,0,0
1671,1256337485774196736,0,0,0,0,0,0,0
1672,1256877187942285314,0,1,1,1,0,0,1
1673,1254369497441374209,0,1,0,0,0,0,0
1674,1256913887989030913,1,0,0,0,0,0,1
1675,1258492602107809796,1,0,0,0,0,0,0
1676,1257923073573085184,0,0,0,0,0,0,0
1677,1255967258947567624,0,0,0,0,0,0,0
1678,1258327578475102209,1,0,0,0,0,0,0
1679,1258292233549369346,0,0,0,0,0,0,0
1680,1254352359003652098,0,0,0,0,0,0,0
1681,1256169398425006080,0,0,0,0,0,0,0
1682,1257943865564319744,0,0,0,0,0,0,0
1683,1255750820341190662,0,0,0,0,0,0,0
1684,1254670450375954433,0,0,0,0,0,0,0
1685,1255675310663774209,0,0,0,0,0,0,0
1686,1257211915044032514,1,1,0,0,0,0,1
1687,1255050442247221248,0,0,0,0,0,0,0
1688,1257237818415484930,0,0,0,0,0,0,0
1689,1256656684954652672,1,1,0,0,0,0,1
1690,1254553241016307712,0,0,0,0,0,0,0
1691,1255565670324097024,0,0,0,0,0,0,0
1692,1256884284981489664,0,0,0,0,0,0,0
1693,1254726965657026560,0,0,0,0,0,0,0
1694,1257685710712291329,0,0,0,0,0,0,0
1695,1254411364375953409,0,0,0,0,0,0,0
1696,1256913257782272000,0,0,0,0,0,0,0
1697,1254516552868810758,0,0,0,0,0,0,0
1698,1257846264970051585,1,1,0,0,0,0,1
1699,1257290318174617600,0,0,0,0,0,0,0
1700,1254615321647906817,0,0,0,0,0,0,0
1701,1254899568690425856,1,1,1,1,1,1,1
1702,1254326765297848320,0,1,0,0,0,0,0
1703,1255118931414732803,0,0,0,0,0,0,0
1704,1255209808996810757,0,0,0,0,0,0,0
1705,1255771367540219906,0,0,0,0,0,0,0
1706,1257678047693733891,0,0,0,0,0,0,0
1707,1257946621234548736,0,0,0,0,0,0,0
1708,1257901079326593024,0,0,0,0,0,0,0
1709,1254549194309873664,0,0,0,0,0,0,0
1710,1257323667102429188,1,1,1,0,0,0,1
1711,1257701749491666946,0,0,0,0,0,0,0
1712,1256521363420000256,0,0,0,0,0,0,0
1713,1255903979839655936,0,0,0,0,0,0,0
1714,1255186007110176769,0,0,0,0,0,0,0
1715,1254726391062573056,0,0,0,0,0,0,0
1716,1257978935620575232,0,0,0,0,0,0,0
1717,1255064824880467968,0,0,0,0,0,0,0
1718,1256887647781425153,1,1,1,1,1,1,1
1719,1257601158065131522,1,1,0,0,0,0,1
1720,1254672937229180929,0,0,0,0,0,0,0
1721,1256341843224203264,0,0,0,0,0,0,0
1722,1254475126386679811,0,0,0,0,0,0,0
1723,1257047652245614592,0,0,0,0,0,0,0
1724,1256728343921254403,0,1,1,1,0,1,1
1725,1256861540176801793,0,0,0,0,0,0,0
1726,1255255769802592256,0,0,0,0,0,0,0
1727,1256499407559766017,0,0,0,0,0,0,0
1728,1259008305860665344,1,1,0,0,0,0,1
1729,1255469486913785856,0,0,0,0,0,0,0
1730,1255985335986728961,1,1,0,1,0,0,1
1731,1259122310814056448,0,0,0,0,0,0,0
1732,1254337118266105856,0,1,0,0,0,0,0
1733,1259216020138573829,0,0,0,0,0,0,0
1734,1257171807980982273,0,0,0,0,0,0,0
1735,1256333178492432401,0,0,0,0,0,0,0
1736,1258796790326927371,0,0,0,0,0,0,0
1737,1258729925449842688,0,0,0,0,0,0,1
1738,1256954009824497664,1,1,0,1,0,0,1
1739,1258885718430093317,0,0,0,0,0,0,0
1740,1259704420444618752,1,0,0,0,0,0,0
1741,1256290747738984448,0,0,0,0,0,0,0
1742,1257963307371245569,0,0,0,0,0,0,0
1743,1255257599651516416,0,0,0,0,0,0,0
1744,1258861705381232644,1,1,0,1,0,1,1
1745,1258645469401579521,1,1,1,1,0,1,1
1746,1254373783357530113,0,0,0,0,0,0,0
1747,1259115796166574080,1,1,1,0,1,1,1
1748,1258752884138807296,0,0,0,0,0,0,0
1749,1258048245621809152,1,1,0,0,0,0,1
1750,1255178071013031938,0,0,0,0,0,0,0
1751,1254474521714843650,0,0,0,0,0,0,0
1752,1255462956160241664,0,0,0,0,0,0,0
1753,1258754964857524225,0,0,0,0,0,0,0
1754,1254689602297872384,1,1,1,1,1,1,1
1755,1255244567584145408,0,1,0,0,0,0,0
1756,1259376791392845830,0,0,0,0,0,0,0
1757,1258333302626430979,0,0,0,0,0,0,0
1758,1254828056490934272,0,0,0,0,0,0,0
1759,1255422627612688384,0,0,0,0,0,0,0
1760,1254739225209188352,1,1,0,0,0,0,1
1761,1257556087210991616,0,0,0,0,0,0,0
1762,1257335427897462791,0,0,0,0,0,0,0
1763,1255056507386953728,1,1,0,1,0,0,1
1764,1259414820786442240,1,1,1,1,0,1,1
1765,1257676277307318272,0,1,0,0,0,0,0
1766,1258280380442062851,0,0,0,0,0,0,0
1767,1254400555746840576,1,1,0,1,0,0,1
1768,1259484262702735360,0,0,0,0,0,0,0
1769,1259538837702918144,1,1,0,1,0,1,1
1770,1254700205926203393,0,0,0,0,0,0,0
1771,1259467284168441856,0,0,0,0,0,0,0
1772,1255521554768814081,0,0,0,0,0,0,0
1773,1255216750226034688,1,1,1,1,1,1,1
1774,1258399824757563393,0,0,0,0,0,0,0
1775,1257929334171598849,0,0,0,0,0,0,0
1776,1258289309096062977,0,0,0,0,0,0,0
1777,1255093404897349632,0,0,0,0,0,0,0
1778,1254799266398298121,1,1,1,1,0,1,1
1779,1257828308487725057,0,0,0,0,0,0,0
1780,1256535751048794112,0,1,0,1,1,1,1
1781,1259524862235873280,1,1,0,1,0,0,1
1782,1254336840770953216,0,0,0,0,0,0,0
1783,1259529467493523460,1,1,1,1,0,1,1
1784,1255137993884463106,0,0,0,0,0,0,0
1785,1258493420949196807,1,1,1,1,0,1,1
1786,1256148921996492806,0,0,0,0,0,0,0
1787,1255849733857386496,0,0,0,0,0,0,0
1788,1258671125510402048,0,0,0,0,0,0,0
1789,1258444258987687936,0,0,0,0,0,0,0
1790,1255620242686054402,1,1,0,0,1,0,1
1791,1257997150954426370,0,0,0,0,0,0,1
1792,1258414815342665728,0,0,0,0,0,0,0
1793,1258863223761186827,0,0,0,0,0,0,0
1794,1255975634007924736,0,0,0,0,0,0,0
1795,1256244300616216583,0,0,0,0,0,0,0
1796,1255799662159765505,0,0,0,0,0,0,0
1797,1254532131604307970,0,0,0,0,0,0,0
1798,1257336589816074245,0,0,0,0,0,0,0
1799,1257960635947778048,0,0,0,0,0,0,0
1800,1255957158690160656,0,1,0,0,0,0,0
1801,1254901427216015371,1,1,0,0,0,0,1
1802,1254391143678304256,1,0,0,0,0,0,0
1803,1256793226033483776,1,1,0,0,0,0,1
1804,1255083144543449094,0,1,0,0,0,0,1
1805,1259500401763770368,1,1,0,0,0,0,1
1806,1255552642866167813,0,1,0,0,1,0,1
1807,1254351646332727302,1,1,1,0,1,0,1
1808,1255793185961410560,0,0,0,0,0,0,0
1809,1256585959807877120,1,0,0,0,0,0,0
1810,1255380014788423680,0,0,0,0,0,0,0
1811,1257638479187652608,0,0,0,0,0,0,0
1812,1254445283594903553,0,0,0,0,0,0,0
1813,1257691234619076612,1,1,1,1,0,1,1
1814,1254757226436341760,1,1,0,0,0,0,1
1815,1255081349888819200,1,1,0,0,0,0,1
1816,1256018944672043012,0,0,0,0,0,0,0
1817,1257656815728431106,1,1,0,0,0,0,1
1818,1257573685491306496,0,0,0,0,0,0,0
1819,1254701849023823873,0,0,0,0,0,0,0
1820,1259031144554737669,0,0,0,0,0,0,0
1821,1257187248098775045,0,0,0,0,0,0,0
1822,1255919996779315208,0,0,0,0,0,0,0
1823,1256298188987916291,0,0,0,0,0,0,0
1824,1257308882315010051,1,1,1,1,0,0,1
1825,1261256293483937792,1,1,0,0,0,0,1
1826,1268927306539716611,0,0,0,0,0,0,0
1827,1268150867938639873,0,0,0,0,0,0,0
1828,1264572069871828997,1,1,1,1,1,1,1
1829,1260164316747239425,0,0,0,0,0,0,0
1830,1270479533192425488,0,0,0,0,0,0,0
1831,1270141986092339210,0,0,0,0,0,0,0
1832,1264258949362130952,0,0,0,0,0,0,0
1833,1272756528605429760,0,0,0,0,0,0,0
1834,1270661683778916353,0,0,0,0,0,0,0
1835,1269715592560476160,0,0,0,0,0,0,0
1836,1261610501450145792,0,0,0,0,0,0,0
1837,1265601469652369408,1,1,0,0,0,0,0
1838,1260169448360722432,0,0,0,0,0,0,0
1839,1261012410942599168,0,0,0,0,0,0,0
1840,1272087007179800576,1,1,1,1,1,1,1
1841,1267004918054957056,0,0,0,0,0,0,0
1842,1262680582108086273,1,1,1,1,0,1,1
1843,1268116668074668033,0,0,0,0,0,0,0
1844,1269140494937919490,0,0,0,0,0,0,0
1845,1261611131329806336,0,0,0,0,0,0,0
1846,1266851963213434886,0,0,0,0,0,0,0
1847,1264849381313970176,1,1,0,1,0,0,1
1848,1272414814283890690,0,0,0,0,0,0,0
1849,1269916577937403904,0,0,0,0,0,0,0
1850,1272333721673269248,0,0,0,0,0,0,0
1851,1267456828683595777,0,0,0,0,0,0,0
1852,1269187381296537600,0,0,0,0,0,0,0
1853,1261468348660867072,0,0,0,0,0,0,0
1854,1271007691821977605,1,1,1,1,0,1,1
1855,1265216214294462465,0,0,0,0,0,0,0
1856,1261064054468235270,0,0,0,0,0,0,0
1857,1268673106895396864,0,0,0,0,0,0,0
1858,1270388399858429952,0,0,0,0,0,0,0
1859,1271503573772271618,0,0,0,0,0,0,0
1860,1261009642915848192,0,0,0,0,0,0,0
1861,1260295490186424321,1,1,0,1,0,1,1
1862,1261581208527536129,0,0,0,0,0,0,0
1863,1261974693550215168,0,0,0,0,0,0,0
1864,1271843735404515330,1,0,1,0,0,0,0
1865,1260960955191767040,0,1,0,0,0,0,0
1866,1262461665041358849,0,0,0,0,0,0,0
1867,1267787427781005313,0,0,0,0,0,0,0
1868,1260882702422675456,0,0,0,0,0,0,1
1869,1262617584668758023,0,0,0,0,0,0,0
1870,1260260035910930433,0,0,0,0,0,0,0
1871,1268139510141005824,0,0,0,0,0,0,0
1872,1263095029033316352,0,0,0,0,0,0,0
1873,1270617138882117632,0,0,0,0,0,0,0
1874,1262127617907535873,0,0,0,0,0,0,0
1875,1260916054685089792,0,0,0,0,0,0,0
1876,1271156888026177539,0,0,0,0,0,0,0
1877,1265675595796668417,1,1,0,0,0,0,1
1878,1270325711857950720,0,0,0,0,0,0,0
1879,1259747039036035072,0,0,0,0,0,0,0
1880,1270026939059838982,0,0,0,0,0,0,0
1881,1270788888253157378,0,0,0,0,0,0,0
1882,1270684609722843136,0,1,1,0,0,0,1
1883,1266789724053741571,0,0,0,0,0,0,0
1884,1260546610934820865,0,0,0,0,0,0,0
1885,1267223486969323528,1,0,0,0,0,0,0
1886,1261676339934920704,0,0,0,0,0,0,0
1887,1262680430102413312,0,0,0,0,0,0,0
1888,1267073465632411655,1,1,1,1,1,1,1
1889,1267213705378488322,0,0,0,0,0,0,0
1890,1263900327448850438,0,0,0,0,0,0,0
1891,1270684686017232899,0,0,0,0,0,0,0
1892,1265684928471224320,0,0,0,0,0,0,0
1893,1270428875173093377,0,0,0,0,0,0,0
1894,1269534821405134848,1,1,1,1,0,0,1
1895,1267600488310214657,0,0,0,0,0,0,0
1896,1272546592474660872,1,1,1,1,0,1,1
1897,1267548461584592903,0,0,0,0,0,0,0
1898,1260710836320055296,1,1,1,1,0,0,1
1899,1265081774385827840,1,1,1,1,1,1,1
1900,1260853896655843332,1,1,1,1,0,1,1
1901,1262627741842771970,0,0,0,0,0,0,0
1902,1264531089189670913,0,0,0,0,0,0,0
1903,1269934233964994561,1,1,0,0,0,0,1
1904,1272161235472019456,1,1,1,1,1,1,1
1905,1261034635615707137,0,0,0,0,0,0,0
1906,1262385500184346628,0,0,0,0,0,0,0
1907,1262674341633933313,0,0,0,0,0,0,0
1908,1260816533074345985,0,0,0,0,0,0,0
1909,1260880112259608577,0,0,0,0,0,0,0
1910,1270900457058246657,0,0,0,0,0,0,0
1911,1267179795974103040,1,1,0,0,0,0,1
1912,1264165545445818368,0,1,0,0,0,0,1
1913,1261212928541327361,1,1,0,0,0,0,1
1914,1268867187965648896,1,1,0,1,1,1,1
1915,1265952832181673985,1,0,0,1,0,0,1
1916,1271316821610688512,0,0,0,0,0,0,0
1917,1267406640594198537,0,0,0,0,0,0,0
1918,1268455535084519425,0,0,0,0,0,0,0
1919,1269511178709094400,0,0,0,0,0,0,0
1920,1268154971398209543,0,0,0,0,0,0,0
1921,1270815456190963712,0,0,0,0,0,0,0
1922,1266718584585232384,0,0,0,0,0,0,0
1923,1264164266568974342,1,1,0,0,0,0,1
1924,1263147554818199552,0,0,0,0,0,0,0
1925,1269908154374111233,0,0,0,0,0,0,0
1926,1270460282259767297,0,0,0,0,0,0,0
1927,1270947220397965314,0,0,0,0,0,0,0
1928,1270955155970764804,1,1,1,1,0,1,1
1929,1260205257511931906,0,0,0,0,0,0,0
1930,1269215950886309888,0,0,0,0,0,0,0
1931,1266989899225464833,1,1,0,0,0,0,1
1932,1269175030979706880,0,0,0,0,0,0,0
1933,1269193549326823424,0,0,0,0,0,0,0
1934,1270743875511111681,0,0,0,0,0,0,0
1935,1263148276448145409,0,0,0,0,0,0,0
1936,1270481509569478660,0,0,0,0,0,0,0
1937,1268793834990899200,0,0,0,0,0,0,0
1938,1265301334577856512,0,0,0,0,0,0,0
1939,1261576409652310022,0,0,0,0,0,0,0
1940,1266382081170575362,0,0,0,0,0,0,0
1941,1259893651716681731,0,0,0,0,0,0,0
1942,1262343050296262656,0,0,0,0,0,0,0
1943,1262589586443767808,0,0,0,0,0,0,0
1944,1270618371864907777,0,0,0,0,0,0,0
1945,1267129291776700417,0,0,0,0,0,0,0
1946,1263780155673149442,1,0,0,0,0,0,1
1947,1269934361958395905,0,0,0,1,0,0,0
1948,1269723338760425472,0,0,0,0,0,0,0
1949,1267352209982992384,0,0,0,0,0,0,0
1950,1268137883078209537,0,0,0,0,0,0,0
1951,1268558676618510336,0,0,0,0,0,0,0
1952,1272115421496442880,1,1,1,1,1,0,1
1953,1264254452137156609,0,0,0,0,0,0,0
1954,1262509739482677249,0,0,0,0,0,0,0
1955,1271040698981265408,0,0,0,0,0,0,0
1956,1272144689056174081,0,0,0,0,0,0,0
1957,1270075663895138305,1,0,0,0,0,0,0
1958,1260488958053617664,0,0,0,0,0,0,0
1959,1267843393423540225,0,0,0,0,0,0,0
1960,1272676639797907459,0,0,0,0,0,0,0
1961,1265572031057231872,0,0,0,0,0,0,0
1962,1270631767586865153,1,1,0,0,0,0,1
1963,1261947061815119872,1,1,0,0,0,0,0
1964,1270906720445960193,0,0,0,0,0,0,0
1965,1260187243634995201,1,1,1,1,1,1,1
1966,1265530273908826112,1,1,1,1,1,1,1
1967,1266774801240272896,0,0,0,0,0,0,0
1968,1262295301035044865,0,0,0,0,0,0,0
1969,1263905083965792258,1,0,0,0,0,0,1
1970,1263160799171837955,0,0,0,0,0,0,0
1971,1266423394196693006,1,1,0,0,0,0,0
1972,1266698020466425859,0,0,0,0,0,0,0
1973,1266321150021447681,1,0,0,0,0,0,0
1974,1263574936846766081,0,0,0,0,0,0,0
1975,1268150914579410945,1,1,1,1,1,1,1
1976,1271588477457649664,0,0,0,0,0,0,0
1977,1268153602956288000,1,1,1,1,1,1,1
1978,1270349870587695107,1,1,0,0,0,0,1
1979,1268851493433737216,1,1,0,1,0,1,1
1980,1272166905655234565,1,1,1,0,0,0,1
1981,1260808998283931648,1,1,0,1,0,0,1
1982,1270679828086362112,0,0,0,0,0,0,0
1983,1259765067421278209,1,1,1,1,1,1,1
1984,1272051913048182786,0,0,0,0,0,0,0
1985,1272042307123130368,0,0,0,0,0,0,0
1986,1265622504296665088,0,0,0,0,0,0,0
1987,1272075615294959617,0,0,0,0,0,0,0
1988,1268293105113063430,1,1,0,0,0,0,1
1989,1261653417644249090,0,0,0,0,0,0,0
1990,1269719543640973318,0,0,0,0,0,0,0
1991,1270295484897378305,0,1,0,0,0,0,1
1992,1260848984672927744,0,0,0,0,0,0,0
1993,1271128674436288518,0,0,0,0,0,0,0
1994,1272108987882840064,0,0,0,0,0,0,0
1995,1260254592220225536,0,0,0,0,0,0,0
1996,1267780530877214720,0,0,0,0,0,0,0
1997,1262648936600346625,0,0,0,0,0,0,0
1998,1269538241277018112,0,0,0,0,0,0,0
1999,1268519003024130048,0,0,0,0,0,0,0
